[{"href": "http://www.google.com/search?q=atomtronics", "size": 1.5849625007211563, "text": "atomtronics"}, {"href": "http://www.google.com/search?q=dark states", "size": 1.0238467419543678, "text": "dark states"}, {"href": "http://www.google.com/search?q=cold atoms", "size": 1.0210616155278296, "text": "cold atoms"}, {"href": "http://www.google.com/search?q=nonlinear optical response", "size": 1.0152667566533107, "text": "nonlinear optical response"}, {"href": "http://www.google.com/search?q=excited state lifetime", "size": 1.013296822613458, "text": "excited state lifetime"}, {"href": "http://www.google.com/search?q=higher dimensions", "size": 1.0126000367796335, "text": "higher dimensions"}, {"href": "http://www.google.com/search?q=optical lattice", "size": 1.0121747139461024, "text": "optical lattice"}, {"href": "http://www.google.com/search?q=experimental realization", "size": 1.0066637302810106, "text": "experimental realization"}, {"href": "http://www.google.com/search?q=spacings", "size": 1.0061522269815952, "text": "spacings"}, {"href": "http://www.google.com/search?q=diffraction limit", "size": 1.0047070026775275, "text": "diffraction limit"}, {"href": "http://www.google.com/search?q=optical response", "size": 1.0030024881615236, "text": "optical response"}, {"href": "http://www.google.com/search?q=subwavelength", "size": 1.0023101606872011, "text": "subwavelength"}, {"href": "http://www.google.com/search?q=spatial structure", "size": 1.0021581081674087, "text": "spatial structure"}, {"href": "http://www.google.com/search?q=nonlinear optical", "size": 1.0015775781133351, "text": "nonlinear optical"}, {"href": "http://www.google.com/search?q=lattices", "size": 1.0012829658834732, "text": "lattices"}, {"href": "http://www.google.com/search?q=band structure", "size": 1.0012627528516356, "text": "band structure"}, {"href": "http://www.google.com/search?q=lifetimes", "size": 1.0009666298793036, "text": "lifetimes"}]