[{"href": "http://www.google.com/search?q=crispr", "size": 2.807354922057604, "text": "crispr"}, {"href": "http://www.google.com/search?q=gc skew", "size": 1.2630344058337937, "text": "gc skew"}, {"href": "http://www.google.com/search?q=na\u00efve bayes", "size": 1.222392421336448, "text": "na\u00efve bayes"}, {"href": "http://www.google.com/search?q=origin of dna replication", "size": 1.1255308820838588, "text": "origin of dna replication"}, {"href": "http://www.google.com/search?q=dna rearrangements", "size": 1.0740005814437767, "text": "dna rearrangements"}, {"href": "http://www.google.com/search?q=chromosome inversion", "size": 1.070389327891398, "text": "chromosome inversion"}, {"href": "http://www.google.com/search?q=chromosome evolution", "size": 1.070389327891398, "text": "chromosome evolution"}, {"href": "http://www.google.com/search?q=t maritima", "size": 1.0565835283663676, "text": "t maritima"}, {"href": "http://www.google.com/search?q=dna repair system", "size": 1.0473057147783569, "text": "dna repair system"}, {"href": "http://www.google.com/search?q=hgt", "size": 1.0356239097307214, "text": "hgt"}, {"href": "http://www.google.com/search?q=cass", "size": 1.0356239097307214, "text": "cass"}, {"href": "http://www.google.com/search?q=clines", "size": 1.0339473319233377, "text": "clines"}, {"href": "http://www.google.com/search?q=replication origin", "size": 1.0339473319233377, "text": "replication origin"}, {"href": "http://www.google.com/search?q=mixture model", "size": 1.029747343394052, "text": "mixture model"}, {"href": "http://www.google.com/search?q=palindrome", "size": 1.0255350921071376, "text": "palindrome"}, {"href": "http://www.google.com/search?q=thermotoga maritima", "size": 1.0220263063299988, "text": "thermotoga maritima"}, {"href": "http://www.google.com/search?q=genome rearrangements", "size": 1.0216950710993191, "text": "genome rearrangements"}, {"href": "http://www.google.com/search?q=genetic recombination", "size": 1.0193653248669312, "text": "genetic recombination"}, {"href": "http://www.google.com/search?q=turn over", "size": 1.0166787411466305, "text": "turn over"}, {"href": "http://www.google.com/search?q=mobile genetic elements", "size": 1.0159415438690216, "text": "mobile genetic elements"}, {"href": "http://www.google.com/search?q=inversions", "size": 1.0139391909578739, "text": "inversions"}, {"href": "http://www.google.com/search?q=bayes", "size": 1.013546531837948, "text": "bayes"}, {"href": "http://www.google.com/search?q=chromosomal rearrangements", "size": 1.011972641666076, "text": "chromosomal rearrangements"}, {"href": "http://www.google.com/search?q=mtc", "size": 1.0108883161427362, "text": "mtc"}, {"href": "http://www.google.com/search?q=repetitive dna", "size": 1.0108883161427362, "text": "repetitive dna"}, {"href": "http://www.google.com/search?q=direct repeat", "size": 1.0092185300293788, "text": "direct repeat"}, {"href": "http://www.google.com/search?q=dicer", "size": 1.0086648611271276, "text": "dicer"}, {"href": "http://www.google.com/search?q=insertion sequence", "size": 1.0074945365469241, "text": "insertion sequence"}, {"href": "http://www.google.com/search?q=horizontal transfer", "size": 1.007268000464039, "text": "horizontal transfer"}, {"href": "http://www.google.com/search?q=computational analysis", "size": 1.0071955014042038, "text": "computational analysis"}, {"href": "http://www.google.com/search?q=conceptual framework", "size": 1.0071244344333816, "text": "conceptual framework"}, {"href": "http://www.google.com/search?q=homo sapiens", "size": 1.0066637302810106, "text": "homo sapiens"}, {"href": "http://www.google.com/search?q=protein families", "size": 1.0066027348242472, "text": "protein families"}, {"href": "http://www.google.com/search?q=cas", "size": 1.0063415268738267, "text": "cas"}, {"href": "http://www.google.com/search?q=horizontal gene transfer", "size": 1.0052942996695131, "text": "horizontal gene transfer"}, {"href": "http://www.google.com/search?q=common ancestor", "size": 1.0052177092710193, "text": "common ancestor"}, {"href": "http://www.google.com/search?q=rna dependent rna polymerase", "size": 1.0051433032759596, "text": "rna dependent rna polymerase"}, {"href": "http://www.google.com/search?q=base pairing", "size": 1.0048657551718159, "text": "base pairing"}, {"href": "http://www.google.com/search?q=prokaryotes", "size": 1.0048009862638214, "text": "prokaryotes"}, {"href": "http://www.google.com/search?q=serotyping", "size": 1.0047070026775275, "text": "serotyping"}, {"href": "http://www.google.com/search?q=sts", "size": 1.004473476579308, "text": "sts"}, {"href": "http://www.google.com/search?q=clinical laboratory", "size": 1.0038523254956067, "text": "clinical laboratory"}, {"href": "http://www.google.com/search?q=genome sequencing", "size": 1.0038116139500188, "text": "genome sequencing"}, {"href": "http://www.google.com/search?q=phylogeography", "size": 1.0035316909702532, "text": "phylogeography"}, {"href": "http://www.google.com/search?q=relatedness", "size": 1.0033434430743704, "text": "relatedness"}, {"href": "http://www.google.com/search?q=joints", "size": 1.0031059108678217, "text": "joints"}, {"href": "http://www.google.com/search?q=molecular epidemiology", "size": 1.003053323977554, "text": "molecular epidemiology"}, {"href": "http://www.google.com/search?q=diversification", "size": 1.003027692697568, "text": "diversification"}, {"href": "http://www.google.com/search?q=pcr amplification", "size": 1.002947284050337, "text": "pcr amplification"}, {"href": "http://www.google.com/search?q=nuclease", "size": 1.002815015607054, "text": "nuclease"}, {"href": "http://www.google.com/search?q=trna", "size": 1.0027770846705737, "text": "trna"}, {"href": "http://www.google.com/search?q=double stranded rna", "size": 1.002630256044672, "text": "double stranded rna"}, {"href": "http://www.google.com/search?q=sirnas", "size": 1.0021842472618758, "text": "sirnas"}, {"href": "http://www.google.com/search?q=endonuclease", "size": 1.0020420315382186, "text": "endonuclease"}, {"href": "http://www.google.com/search?q=dna replication", "size": 1.0019776494404424, "text": "dna replication"}, {"href": "http://www.google.com/search?q=bacteriophage", "size": 1.001974942185058, "text": "bacteriophage"}, {"href": "http://www.google.com/search?q=pairing", "size": 1.0019695498497696, "text": "pairing"}, {"href": "http://www.google.com/search?q=homo", "size": 1.0019482717895218, "text": "homo"}, {"href": "http://www.google.com/search?q=helicase", "size": 1.0019223121310288, "text": "helicase"}, {"href": "http://www.google.com/search?q=alignment", "size": 1.0018436999836884, "text": "alignment"}, {"href": "http://www.google.com/search?q=convergence", "size": 1.00183432324888, "text": "convergence"}, {"href": "http://www.google.com/search?q=virology", "size": 1.001811293446823, "text": "virology"}, {"href": "http://www.google.com/search?q=cumulant", "size": 1.0017932818230506, "text": "cumulant"}, {"href": "http://www.google.com/search?q=rearrangements", "size": 1.0017371405360573, "text": "rearrangements"}, {"href": "http://www.google.com/search?q=mining", "size": 1.0016883501527696, "text": "mining"}, {"href": "http://www.google.com/search?q=population genetics", "size": 1.001672690089857, "text": "population genetics"}, {"href": "http://www.google.com/search?q=population structure", "size": 1.001649737219093, "text": "population structure"}, {"href": "http://www.google.com/search?q=rna interference rnai", "size": 1.001649737219093, "text": "rna interference rnai"}, {"href": "http://www.google.com/search?q=parasitology", "size": 1.0014654090044988, "text": "parasitology"}, {"href": "http://www.google.com/search?q=open reading frames", "size": 1.0014137140189436, "text": "open reading frames"}, {"href": "http://www.google.com/search?q=mechanisms of action", "size": 1.0013352106838194, "text": "mechanisms of action"}, {"href": "http://www.google.com/search?q=clades", "size": 1.0012784183742072, "text": "clades"}, {"href": "http://www.google.com/search?q=na\u00efve", "size": 1.0012367725068518, "text": "na\u00efve"}, {"href": "http://www.google.com/search?q=update", "size": 1.001205762745397, "text": "update"}, {"href": "http://www.google.com/search?q=inheritance", "size": 1.0011555427457093, "text": "inheritance"}, {"href": "http://www.google.com/search?q=attributes", "size": 1.0011093388019787, "text": "attributes"}, {"href": "http://www.google.com/search?q=comparative analysis", "size": 1.0011042442490024, "text": "comparative analysis"}, {"href": "http://www.google.com/search?q=mycobacterium tuberculosis", "size": 1.0010029163010004, "text": "mycobacterium tuberculosis"}, {"href": "http://www.google.com/search?q=spreading", "size": 1.0009932496370906, "text": "spreading"}, {"href": "http://www.google.com/search?q=phage", "size": 1.000982427713067, "text": "phage"}, {"href": "http://www.google.com/search?q=double stranded", "size": 1.000948829393549, "text": "double stranded"}, {"href": "http://www.google.com/search?q=proximity", "size": 1.0009128092939055, "text": "proximity"}, {"href": "http://www.google.com/search?q=picture", "size": 1.0008859042592706, "text": "picture"}, {"href": "http://www.google.com/search?q=rna polymerase", "size": 1.0008783531722696, "text": "rna polymerase"}, {"href": "http://www.google.com/search?q=genome sequence", "size": 1.0008772849409209, "text": "genome sequence"}, {"href": "http://www.google.com/search?q=rnai", "size": 1.0008251044210543, "text": "rnai"}, {"href": "http://www.google.com/search?q=yielding", "size": 1.0008157732990268, "text": "yielding"}, {"href": "http://www.google.com/search?q=building", "size": 1.0007986133837414, "text": "building"}, {"href": "http://www.google.com/search?q=horizontal", "size": 1.0007977302060531, "text": "horizontal"}, {"href": "http://www.google.com/search?q=arrays", "size": 1.0007933434573795, "text": "arrays"}, {"href": "http://www.google.com/search?q=dna repair", "size": 1.0007855676975415, "text": "dna repair"}, {"href": "http://www.google.com/search?q=microbiology", "size": 1.0007519911772496, "text": "microbiology"}]