[{"href": "http://www.google.com/search?q=cuda", "size": 7.169925001442313, "text": "cuda"}, {"href": "http://www.google.com/search?q=compute unified device architecture cuda", "size": 3.9068905956085187, "text": "compute unified device architecture cuda"}, {"href": "http://www.google.com/search?q=nvidia cuda", "size": 2.807354922057604, "text": "nvidia cuda"}, {"href": "http://www.google.com/search?q=cluster tendency", "size": 2.0, "text": "cluster tendency"}, {"href": "http://www.google.com/search?q=cublas", "size": 1.8744691179161412, "text": "cublas"}, {"href": "http://www.google.com/search?q=atomic electron tomography", "size": 1.5849625007211563, "text": "atomic electron tomography"}, {"href": "http://www.google.com/search?q=mobile soc", "size": 1.5849625007211563, "text": "mobile soc"}, {"href": "http://www.google.com/search?q=incremental volume reconstruction", "size": 1.5849625007211563, "text": "incremental volume reconstruction"}, {"href": "http://www.google.com/search?q=vehicle type classification", "size": 1.5849625007211563, "text": "vehicle type classification"}, {"href": "http://www.google.com/search?q=gpu accelaration", "size": 1.5849625007211563, "text": "gpu accelaration"}, {"href": "http://www.google.com/search?q=mimo convolution", "size": 1.5849625007211563, "text": "mimo convolution"}, {"href": "http://www.google.com/search?q=shape modeling and representation", "size": 1.5849625007211563, "text": "shape modeling and representation"}, {"href": "http://www.google.com/search?q=neon simd", "size": 1.5849625007211563, "text": "neon simd"}, {"href": "http://www.google.com/search?q=gpu parallel computing", "size": 1.5849625007211563, "text": "gpu parallel computing"}, {"href": "http://www.google.com/search?q=integrated cpu gpu", "size": 1.5849625007211563, "text": "integrated cpu gpu"}, {"href": "http://www.google.com/search?q=synergistic computing", "size": 1.5849625007211563, "text": "synergistic computing"}, {"href": "http://www.google.com/search?q=tomographic reconstructor", "size": 1.5849625007211563, "text": "tomographic reconstructor"}, {"href": "http://www.google.com/search?q=dynamic parallelism", "size": 1.5849625007211563, "text": "dynamic parallelism"}, {"href": "http://www.google.com/search?q=mixed probability models", "size": 1.5849625007211563, "text": "mixed probability models"}, {"href": "http://www.google.com/search?q=moving separation of mixtures", "size": 1.5849625007211563, "text": "moving separation of mixtures"}, {"href": "http://www.google.com/search?q=theory of heterogeneous reactors", "size": 1.5849625007211563, "text": "theory of heterogeneous reactors"}, {"href": "http://www.google.com/search?q=microtubule gliding assay", "size": 1.5849625007211563, "text": "microtubule gliding assay"}, {"href": "http://www.google.com/search?q=bruteforce", "size": 1.5849625007211563, "text": "bruteforce"}, {"href": "http://www.google.com/search?q=jacobi method", "size": 1.5849625007211563, "text": "jacobi method"}, {"href": "http://www.google.com/search?q=project tango tablet development kit", "size": 1.5849625007211563, "text": "project tango tablet development kit"}, {"href": "http://www.google.com/search?q=filamentary superfluidity", "size": 1.5849625007211563, "text": "filamentary superfluidity"}, {"href": "http://www.google.com/search?q=massively parallel acceleration", "size": 1.5849625007211563, "text": "massively parallel acceleration"}, {"href": "http://www.google.com/search?q=sequential matrix diagonalization smd", "size": 1.5849625007211563, "text": "sequential matrix diagonalization smd"}, {"href": "http://www.google.com/search?q=pyramidal decomposition", "size": 1.5849625007211563, "text": "pyramidal decomposition"}, {"href": "http://www.google.com/search?q=68w10", "size": 1.4150374992788437, "text": "68w10"}, {"href": "http://www.google.com/search?q=gpu programming", "size": 1.4150374992788437, "text": "gpu programming"}, {"href": "http://www.google.com/search?q=csr format", "size": 1.4150374992788437, "text": "csr format"}, {"href": "http://www.google.com/search?q=unified memory", "size": 1.3785116232537298, "text": "unified memory"}, {"href": "http://www.google.com/search?q=graphic processing units", "size": 1.3439544012173612, "text": "graphic processing units"}, {"href": "http://www.google.com/search?q=research support system", "size": 1.3219280948873624, "text": "research support system"}, {"href": "http://www.google.com/search?q=coalesced memory", "size": 1.3219280948873624, "text": "coalesced memory"}, {"href": "http://www.google.com/search?q=image handling", "size": 1.3219280948873624, "text": "image handling"}, {"href": "http://www.google.com/search?q=structure elucidator", "size": 1.3219280948873624, "text": "structure elucidator"}, {"href": "http://www.google.com/search?q=grammar based genetic programming", "size": 1.3219280948873624, "text": "grammar based genetic programming"}, {"href": "http://www.google.com/search?q=aho corasick", "size": 1.3219280948873624, "text": "aho corasick"}, {"href": "http://www.google.com/search?q=spatiotemporal total variation", "size": 1.3219280948873624, "text": "spatiotemporal total variation"}, {"href": "http://www.google.com/search?q=stochastic reaction networks", "size": 1.3219280948873624, "text": "stochastic reaction networks"}, {"href": "http://www.google.com/search?q=strong scalability", "size": 1.3219280948873624, "text": "strong scalability"}, {"href": "http://www.google.com/search?q=supersolids", "size": 1.3219280948873624, "text": "supersolids"}, {"href": "http://www.google.com/search?q=gggp", "size": 1.3219280948873624, "text": "gggp"}, {"href": "http://www.google.com/search?q=correlator architecture", "size": 1.3219280948873624, "text": "correlator architecture"}, {"href": "http://www.google.com/search?q=energy consumption calculation", "size": 1.3219280948873624, "text": "energy consumption calculation"}, {"href": "http://www.google.com/search?q=dna searching", "size": 1.3219280948873624, "text": "dna searching"}, {"href": "http://www.google.com/search?q=epistasis detection", "size": 1.3219280948873624, "text": "epistasis detection"}, {"href": "http://www.google.com/search?q=parallel acceleration", "size": 1.3219280948873624, "text": "parallel acceleration"}, {"href": "http://www.google.com/search?q=metaprogramming", "size": 1.3219280948873624, "text": "metaprogramming"}, {"href": "http://www.google.com/search?q=gpu computing", "size": 1.2954558835261714, "text": "gpu computing"}, {"href": "http://www.google.com/search?q=gpu cluster", "size": 1.2630344058337937, "text": "gpu cluster"}, {"href": "http://www.google.com/search?q=spatial principal components", "size": 1.222392421336448, "text": "spatial principal components"}, {"href": "http://www.google.com/search?q=relational joins", "size": 1.222392421336448, "text": "relational joins"}, {"href": "http://www.google.com/search?q=supersaturated designs", "size": 1.222392421336448, "text": "supersaturated designs"}, {"href": "http://www.google.com/search?q=biological sequence alignment", "size": 1.222392421336448, "text": "biological sequence alignment"}, {"href": "http://www.google.com/search?q=nvidia jetson tk1", "size": 1.222392421336448, "text": "nvidia jetson tk1"}, {"href": "http://www.google.com/search?q=live control", "size": 1.222392421336448, "text": "live control"}, {"href": "http://www.google.com/search?q=avalanche forecasting", "size": 1.222392421336448, "text": "avalanche forecasting"}, {"href": "http://www.google.com/search?q=online spike sorting", "size": 1.222392421336448, "text": "online spike sorting"}, {"href": "http://www.google.com/search?q=preconditioning techniques", "size": 1.222392421336448, "text": "preconditioning techniques"}, {"href": "http://www.google.com/search?q=compliant mechanism design", "size": 1.222392421336448, "text": "compliant mechanism design"}, {"href": "http://www.google.com/search?q=signed distance functions", "size": 1.222392421336448, "text": "signed distance functions"}, {"href": "http://www.google.com/search?q=fuzzy arithmetic operations", "size": 1.222392421336448, "text": "fuzzy arithmetic operations"}, {"href": "http://www.google.com/search?q=embedded boundary method", "size": 1.222392421336448, "text": "embedded boundary method"}, {"href": "http://www.google.com/search?q=graphics processing unit gpu", "size": 1.2051144299046121, "text": "graphics processing unit gpu"}, {"href": "http://www.google.com/search?q=cpu and gpu", "size": 1.199937570508752, "text": "cpu and gpu"}, {"href": "http://www.google.com/search?q=opencl", "size": 1.1979393776119087, "text": "opencl"}, {"href": "http://www.google.com/search?q=central processing unit", "size": 1.1926450779423958, "text": "central processing unit"}, {"href": "http://www.google.com/search?q=autotuning", "size": 1.1926450779423958, "text": "autotuning"}, {"href": "http://www.google.com/search?q=gpgpu", "size": 1.1844245711374273, "text": "gpgpu"}, {"href": "http://www.google.com/search?q=productivity performance", "size": 1.1699250014423124, "text": "productivity performance"}, {"href": "http://www.google.com/search?q=accelerated computing", "size": 1.1699250014423124, "text": "accelerated computing"}, {"href": "http://www.google.com/search?q=imaging simulation", "size": 1.1699250014423124, "text": "imaging simulation"}, {"href": "http://www.google.com/search?q=directx", "size": 1.1699250014423124, "text": "directx"}, {"href": "http://www.google.com/search?q=general purpose graphics processing unit", "size": 1.1699250014423124, "text": "general purpose graphics processing unit"}, {"href": "http://www.google.com/search?q=smart cameras", "size": 1.1699250014423124, "text": "smart cameras"}, {"href": "http://www.google.com/search?q=digital predistortion dpd", "size": 1.1699250014423124, "text": "digital predistortion dpd"}, {"href": "http://www.google.com/search?q=contextual awareness", "size": 1.1699250014423124, "text": "contextual awareness"}, {"href": "http://www.google.com/search?q=memory coherence", "size": 1.1699250014423124, "text": "memory coherence"}, {"href": "http://www.google.com/search?q=power system analysis", "size": 1.1699250014423124, "text": "power system analysis"}, {"href": "http://www.google.com/search?q=fractional power control", "size": 1.1699250014423124, "text": "fractional power control"}, {"href": "http://www.google.com/search?q=preconditioned conjugate gradient", "size": 1.1699250014423124, "text": "preconditioned conjugate gradient"}, {"href": "http://www.google.com/search?q=compressed data structures", "size": 1.1699250014423124, "text": "compressed data structures"}, {"href": "http://www.google.com/search?q=nonlinear conjugate gradient method", "size": 1.1699250014423124, "text": "nonlinear conjugate gradient method"}, {"href": "http://www.google.com/search?q=european option pricing", "size": 1.1699250014423124, "text": "european option pricing"}, {"href": "http://www.google.com/search?q=branch divergence", "size": 1.1699250014423124, "text": "branch divergence"}, {"href": "http://www.google.com/search?q=execution speedup", "size": 1.1699250014423124, "text": "execution speedup"}, {"href": "http://www.google.com/search?q=security and protection", "size": 1.1699250014423124, "text": "security and protection"}, {"href": "http://www.google.com/search?q=linear assignment problem", "size": 1.1699250014423124, "text": "linear assignment problem"}, {"href": "http://www.google.com/search?q=heterogeneous architecture", "size": 1.15200309344505, "text": "heterogeneous architecture"}, {"href": "http://www.google.com/search?q=multiple gpus", "size": 1.15200309344505, "text": "multiple gpus"}, {"href": "http://www.google.com/search?q=accelerated implementation", "size": 1.1468413883292712, "text": "accelerated implementation"}, {"href": "http://www.google.com/search?q=openmp", "size": 1.1468413883292712, "text": "openmp"}, {"href": "http://www.google.com/search?q=gpus", "size": 1.1389493515384463, "text": "gpus"}, {"href": "http://www.google.com/search?q=spmv", "size": 1.1375035237499351, "text": "spmv"}, {"href": "http://www.google.com/search?q=terrain rendering", "size": 1.1375035237499351, "text": "terrain rendering"}]