[{"href": "http://www.google.com/search?q=e-textile", "size": 3.3219280948873626, "text": "e-textile"}, {"href": "http://www.google.com/search?q=embroidery", "size": 1.3219280948873624, "text": "embroidery"}, {"href": "http://www.google.com/search?q=woven textiles", "size": 1.222392421336448, "text": "woven textiles"}, {"href": "http://www.google.com/search?q=moisture sensor", "size": 1.222392421336448, "text": "moisture sensor"}, {"href": "http://www.google.com/search?q=machine wash", "size": 1.1699250014423124, "text": "machine wash"}, {"href": "http://www.google.com/search?q=textile sensors", "size": 1.1699250014423124, "text": "textile sensors"}, {"href": "http://www.google.com/search?q=process impact", "size": 1.1699250014423124, "text": "process impact"}, {"href": "http://www.google.com/search?q=electronic textiles", "size": 1.1468413883292712, "text": "electronic textiles"}, {"href": "http://www.google.com/search?q=conductive yarn", "size": 1.1154772174199359, "text": "conductive yarn"}, {"href": "http://www.google.com/search?q=fiber substrate", "size": 1.0995356735509143, "text": "fiber substrate"}, {"href": "http://www.google.com/search?q=washability", "size": 1.0874628412503395, "text": "washability"}, {"href": "http://www.google.com/search?q=moisture measurement", "size": 1.0780025120012733, "text": "moisture measurement"}, {"href": "http://www.google.com/search?q=fibrous sheath", "size": 1.070389327891398, "text": "fibrous sheath"}, {"href": "http://www.google.com/search?q=textile substrates", "size": 1.070389327891398, "text": "textile substrates"}, {"href": "http://www.google.com/search?q=cotton textile", "size": 1.070389327891398, "text": "cotton textile"}, {"href": "http://www.google.com/search?q=wireless data transmission", "size": 1.0641303374197155, "text": "wireless data transmission"}, {"href": "http://www.google.com/search?q=process variability", "size": 1.0588936890535687, "text": "process variability"}, {"href": "http://www.google.com/search?q=pattern design", "size": 1.0443941193584534, "text": "pattern design"}, {"href": "http://www.google.com/search?q=electrocardiogram monitoring", "size": 1.0443941193584534, "text": "electrocardiogram monitoring"}, {"href": "http://www.google.com/search?q=wearable applications", "size": 1.043068721891886, "text": "wearable applications"}, {"href": "http://www.google.com/search?q=textile electrodes", "size": 1.0418201756946268, "text": "textile electrodes"}, {"href": "http://www.google.com/search?q=climatic chamber", "size": 1.0395283641866373, "text": "climatic chamber"}, {"href": "http://www.google.com/search?q=single walled carbon nanotube swcnt", "size": 1.0339473319233377, "text": "single walled carbon nanotube swcnt"}, {"href": "http://www.google.com/search?q=electric circuit", "size": 1.029747343394052, "text": "electric circuit"}, {"href": "http://www.google.com/search?q=electrodermal activity eda", "size": 1.029747343394052, "text": "electrodermal activity eda"}, {"href": "http://www.google.com/search?q=electronic parameters", "size": 1.027480736422107, "text": "electronic parameters"}, {"href": "http://www.google.com/search?q=stop band", "size": 1.0264722113611913, "text": "stop band"}, {"href": "http://www.google.com/search?q=thin film transistor tft", "size": 1.0230836131130412, "text": "thin film transistor tft"}, {"href": "http://www.google.com/search?q=air permeability", "size": 1.0223678130284546, "text": "air permeability"}, {"href": "http://www.google.com/search?q=split ring resonator", "size": 1.0204641025597156, "text": "split ring resonator"}, {"href": "http://www.google.com/search?q=electronic circuits", "size": 1.0188590272513158, "text": "electronic circuits"}, {"href": "http://www.google.com/search?q=silver chloride", "size": 1.017487426728841, "text": "silver chloride"}, {"href": "http://www.google.com/search?q=human machine interface", "size": 1.017487426728841, "text": "human machine interface"}, {"href": "http://www.google.com/search?q=yarn", "size": 1.0172779914318355, "text": "yarn"}, {"href": "http://www.google.com/search?q=washing process", "size": 1.0170735133589415, "text": "washing process"}, {"href": "http://www.google.com/search?q=human machine interaction", "size": 1.0166787411466305, "text": "human machine interaction"}, {"href": "http://www.google.com/search?q=sensor sensitivity", "size": 1.0152667566533107, "text": "sensor sensitivity"}, {"href": "http://www.google.com/search?q=electromagnetic properties", "size": 1.0146467759644013, "text": "electromagnetic properties"}, {"href": "http://www.google.com/search?q=textiles", "size": 1.0141859062433112, "text": "textiles"}, {"href": "http://www.google.com/search?q=distal phalanx", "size": 1.0140751852117227, "text": "distal phalanx"}, {"href": "http://www.google.com/search?q=fluoropolymer", "size": 1.0130561528254463, "text": "fluoropolymer"}, {"href": "http://www.google.com/search?q=mechanical and electrical properties", "size": 1.0130561528254463, "text": "mechanical and electrical properties"}, {"href": "http://www.google.com/search?q=user needs", "size": 1.0123837244558325, "text": "user needs"}, {"href": "http://www.google.com/search?q=logic circuits", "size": 1.0121747139461024, "text": "logic circuits"}, {"href": "http://www.google.com/search?q=signal propagation", "size": 1.0110551885089958, "text": "signal propagation"}, {"href": "http://www.google.com/search?q=electrodermal activity", "size": 1.0108883161427362, "text": "electrodermal activity"}, {"href": "http://www.google.com/search?q=srr", "size": 1.0107264065930583, "text": "srr"}, {"href": "http://www.google.com/search?q=ecg monitoring", "size": 1.0104166159453385, "text": "ecg monitoring"}, {"href": "http://www.google.com/search?q=stretchable electronics", "size": 1.010268335453827, "text": "stretchable electronics"}, {"href": "http://www.google.com/search?q=ring resonators", "size": 1.0099840885726221, "text": "ring resonators"}, {"href": "http://www.google.com/search?q=electrodermal", "size": 1.009715154833212, "text": "electrodermal"}, {"href": "http://www.google.com/search?q=conductive carbon", "size": 1.009586048829198, "text": "conductive carbon"}, {"href": "http://www.google.com/search?q=electronic components", "size": 1.0093378645793363, "text": "electronic components"}, {"href": "http://www.google.com/search?q=uhf", "size": 1.0093378645793363, "text": "uhf"}, {"href": "http://www.google.com/search?q=platform technology", "size": 1.0093378645793363, "text": "platform technology"}, {"href": "http://www.google.com/search?q=split ring", "size": 1.0092185300293788, "text": "split ring"}, {"href": "http://www.google.com/search?q=activity monitoring", "size": 1.0091022071072524, "text": "activity monitoring"}, {"href": "http://www.google.com/search?q=thin film transistor", "size": 1.0089887832272548, "text": "thin film transistor"}, {"href": "http://www.google.com/search?q=screen printing", "size": 1.0086648611271276, "text": "screen printing"}, {"href": "http://www.google.com/search?q=transmission lines", "size": 1.0083634729346267, "text": "transmission lines"}, {"href": "http://www.google.com/search?q=textile", "size": 1.007980158858557, "text": "textile"}, {"href": "http://www.google.com/search?q=single walled carbon nanotube", "size": 1.0075732197048008, "text": "single walled carbon nanotube"}, {"href": "http://www.google.com/search?q=lcr", "size": 1.0071955014042038, "text": "lcr"}, {"href": "http://www.google.com/search?q=sensor performance", "size": 1.006986430316107, "text": "sensor performance"}, {"href": "http://www.google.com/search?q=cardiac patients", "size": 1.0067258631883134, "text": "cardiac patients"}, {"href": "http://www.google.com/search?q=wearable electronics", "size": 1.0067258631883134, "text": "wearable electronics"}, {"href": "http://www.google.com/search?q=mechanical deformation", "size": 1.0066027348242472, "text": "mechanical deformation"}, {"href": "http://www.google.com/search?q=design criteria", "size": 1.0063695248757272, "text": "design criteria"}, {"href": "http://www.google.com/search?q=time\u2010use", "size": 1.0062589904716823, "text": "time\u2010use"}, {"href": "http://www.google.com/search?q=photodiodes", "size": 1.0061522269815952, "text": "photodiodes"}, {"href": "http://www.google.com/search?q=time use", "size": 1.0061001995364178, "text": "time use"}, {"href": "http://www.google.com/search?q=tft", "size": 1.005900601439684, "text": "tft"}, {"href": "http://www.google.com/search?q=phalanx", "size": 1.005900601439684, "text": "phalanx"}, {"href": "http://www.google.com/search?q=signal quality", "size": 1.005805621681206, "text": "signal quality"}, {"href": "http://www.google.com/search?q=triboelectric nanogenerator", "size": 1.005668750086692, "text": "triboelectric nanogenerator"}, {"href": "http://www.google.com/search?q=nylon", "size": 1.0056245491938782, "text": "nylon"}, {"href": "http://www.google.com/search?q=n doping", "size": 1.0054134961863643, "text": "n doping"}, {"href": "http://www.google.com/search?q=theoretical prediction", "size": 1.005373172098852, "text": "theoretical prediction"}, {"href": "http://www.google.com/search?q=leakage current", "size": 1.0048657551718159, "text": "leakage current"}, {"href": "http://www.google.com/search?q=pods", "size": 1.0048331537359436, "text": "pods"}, {"href": "http://www.google.com/search?q=inverter", "size": 1.004646364856365, "text": "inverter"}, {"href": "http://www.google.com/search?q=swcnt", "size": 1.004646364856365, "text": "swcnt"}, {"href": "http://www.google.com/search?q=contact resistance", "size": 1.0045872694956521, "text": "contact resistance"}, {"href": "http://www.google.com/search?q=nanogenerator", "size": 1.0044459050311922, "text": "nanogenerator"}, {"href": "http://www.google.com/search?q=pearson correlation coefficient", "size": 1.0042369928864707, "text": "pearson correlation coefficient"}, {"href": "http://www.google.com/search?q=threshold voltage", "size": 1.0042122512869147, "text": "threshold voltage"}, {"href": "http://www.google.com/search?q=swcnts", "size": 1.0040927546338831, "text": "swcnts"}, {"href": "http://www.google.com/search?q=fabrics", "size": 1.0039150500033833, "text": "fabrics"}, {"href": "http://www.google.com/search?q=triboelectric", "size": 1.0037915791623742, "text": "triboelectric"}, {"href": "http://www.google.com/search?q=\u201cspice\u201d", "size": 1.0036756581433985, "text": "\u201cspice\u201d"}, {"href": "http://www.google.com/search?q=spice", "size": 1.0035316909702532, "text": "spice"}, {"href": "http://www.google.com/search?q=printing technology", "size": 1.003275132032861, "text": "printing technology"}, {"href": "http://www.google.com/search?q=flexible electronics", "size": 1.003275132032861, "text": "flexible electronics"}, {"href": "http://www.google.com/search?q=interfacing", "size": 1.003202432038344, "text": "interfacing"}, {"href": "http://www.google.com/search?q=skin surface", "size": 1.0031882776310475, "text": "skin surface"}, {"href": "http://www.google.com/search?q=high sensitive", "size": 1.003119341844179, "text": "high sensitive"}, {"href": "http://www.google.com/search?q=skin temperature", "size": 1.003053323977554, "text": "skin temperature"}]