[{"href": "http://www.google.com/search?q=lidar", "size": 3.8073549220576037, "text": "lidar"}, {"href": "http://www.google.com/search?q=lidar perception", "size": 1.5849625007211563, "text": "lidar perception"}, {"href": "http://www.google.com/search?q=moving vehicle detection", "size": 1.5849625007211563, "text": "moving vehicle detection"}, {"href": "http://www.google.com/search?q=point cloud registration", "size": 1.5849625007211563, "text": "point cloud registration"}, {"href": "http://www.google.com/search?q=scan registration", "size": 1.5849625007211563, "text": "scan registration"}, {"href": "http://www.google.com/search?q=planar segmentation", "size": 1.5849625007211563, "text": "planar segmentation"}, {"href": "http://www.google.com/search?q=heading estimation", "size": 1.5849625007211563, "text": "heading estimation"}, {"href": "http://www.google.com/search?q=geometric feature matching", "size": 1.5849625007211563, "text": "geometric feature matching"}, {"href": "http://www.google.com/search?q=scene registration", "size": 1.5849625007211563, "text": "scene registration"}, {"href": "http://www.google.com/search?q=laser scanner", "size": 1.3219280948873624, "text": "laser scanner"}, {"href": "http://www.google.com/search?q=inertial navigation", "size": 1.2630344058337937, "text": "inertial navigation"}, {"href": "http://www.google.com/search?q=autonomous driving", "size": 1.2479275134435854, "text": "autonomous driving"}, {"href": "http://www.google.com/search?q=intelligent vehicles", "size": 1.222392421336448, "text": "intelligent vehicles"}, {"href": "http://www.google.com/search?q=compass", "size": 1.1926450779423958, "text": "compass"}, {"href": "http://www.google.com/search?q=obstacle detection", "size": 1.1699250014423124, "text": "obstacle detection"}, {"href": "http://www.google.com/search?q=3d representation", "size": 1.1699250014423124, "text": "3d representation"}, {"href": "http://www.google.com/search?q=scene recognition", "size": 1.1699250014423124, "text": "scene recognition"}, {"href": "http://www.google.com/search?q=point clouds", "size": 1.1375035237499351, "text": "point clouds"}, {"href": "http://www.google.com/search?q=sensor noise", "size": 1.1375035237499351, "text": "sensor noise"}, {"href": "http://www.google.com/search?q=ego", "size": 1.1255308820838588, "text": "ego"}, {"href": "http://www.google.com/search?q=slam", "size": 1.1219905243786104, "text": "slam"}, {"href": "http://www.google.com/search?q=matching techniques", "size": 1.1154772174199359, "text": "matching techniques"}, {"href": "http://www.google.com/search?q=visual odometry", "size": 1.0995356735509143, "text": "visual odometry"}, {"href": "http://www.google.com/search?q=measurement model", "size": 1.0995356735509143, "text": "measurement model"}, {"href": "http://www.google.com/search?q=autonomous vehicles", "size": 1.0931094043914815, "text": "autonomous vehicles"}, {"href": "http://www.google.com/search?q=semantic segmentation", "size": 1.0874628412503395, "text": "semantic segmentation"}, {"href": "http://www.google.com/search?q=collision avoidance", "size": 1.0780025120012733, "text": "collision avoidance"}, {"href": "http://www.google.com/search?q=mobile robotics", "size": 1.0780025120012733, "text": "mobile robotics"}, {"href": "http://www.google.com/search?q=3d data", "size": 1.070389327891398, "text": "3d data"}, {"href": "http://www.google.com/search?q=sensor fusion", "size": 1.0641303374197155, "text": "sensor fusion"}, {"href": "http://www.google.com/search?q=scene understanding", "size": 1.0641303374197155, "text": "scene understanding"}, {"href": "http://www.google.com/search?q=localization and mapping", "size": 1.0588936890535687, "text": "localization and mapping"}, {"href": "http://www.google.com/search?q=simultaneous localization and mapping", "size": 1.0588936890535687, "text": "simultaneous localization and mapping"}, {"href": "http://www.google.com/search?q=autonomous navigation", "size": 1.0588936890535687, "text": "autonomous navigation"}, {"href": "http://www.google.com/search?q=mrf", "size": 1.0544477840223765, "text": "mrf"}, {"href": "http://www.google.com/search?q=3d model", "size": 1.0473057147783569, "text": "3d model"}, {"href": "http://www.google.com/search?q=time of flight", "size": 1.0473057147783569, "text": "time of flight"}, {"href": "http://www.google.com/search?q=3d reconstruction", "size": 1.0418201756946268, "text": "3d reconstruction"}, {"href": "http://www.google.com/search?q=graph matching", "size": 1.0418201756946268, "text": "graph matching"}, {"href": "http://www.google.com/search?q=image registration", "size": 1.037474705418663, "text": "image registration"}, {"href": "http://www.google.com/search?q=motion estimation", "size": 1.037474705418663, "text": "motion estimation"}, {"href": "http://www.google.com/search?q=dynamic environments", "size": 1.037474705418663, "text": "dynamic environments"}, {"href": "http://www.google.com/search?q=inertial", "size": 1.0347654181606767, "text": "inertial"}, {"href": "http://www.google.com/search?q=avoidance", "size": 1.0303736490435187, "text": "avoidance"}, {"href": "http://www.google.com/search?q=crf", "size": 1.027480736422107, "text": "crf"}, {"href": "http://www.google.com/search?q=rgb", "size": 1.0242475462466774, "text": "rgb"}, {"href": "http://www.google.com/search?q=navigation", "size": 1.0230836131130412, "text": "navigation"}, {"href": "http://www.google.com/search?q=mobile robot", "size": 1.0230836131130412, "text": "mobile robot"}, {"href": "http://www.google.com/search?q=localization", "size": 1.0186156781673468, "text": "localization"}, {"href": "http://www.google.com/search?q=stereo", "size": 1.0183785293148544, "text": "stereo"}, {"href": "http://www.google.com/search?q=field of view", "size": 1.0183785293148544, "text": "field of view"}, {"href": "http://www.google.com/search?q=vehicles", "size": 1.0172779914318355, "text": "vehicles"}, {"href": "http://www.google.com/search?q=driving", "size": 1.0163018123291006, "text": "driving"}, {"href": "http://www.google.com/search?q=parsing", "size": 1.0163018123291006, "text": "parsing"}, {"href": "http://www.google.com/search?q=laser", "size": 1.0159415438690216, "text": "laser"}, {"href": "http://www.google.com/search?q=social interaction", "size": 1.0159415438690216, "text": "social interaction"}, {"href": "http://www.google.com/search?q=translation", "size": 1.0154852474974185, "text": "translation"}, {"href": "http://www.google.com/search?q=robotics", "size": 1.015430040569606, "text": "robotics"}, {"href": "http://www.google.com/search?q=object recognition", "size": 1.0152667566533107, "text": "object recognition"}, {"href": "http://www.google.com/search?q=cameras", "size": 1.0136749368970766, "text": "cameras"}, {"href": "http://www.google.com/search?q=fitting", "size": 1.0128240403575837, "text": "fitting"}, {"href": "http://www.google.com/search?q=grid", "size": 1.011972641666076, "text": "grid"}, {"href": "http://www.google.com/search?q=mapping", "size": 1.011344973594009, "text": "mapping"}, {"href": "http://www.google.com/search?q=patches", "size": 1.0107264065930583, "text": "patches"}, {"href": "http://www.google.com/search?q=sensor", "size": 1.0089410337402862, "text": "sensor"}, {"href": "http://www.google.com/search?q=module", "size": 1.0086648611271276, "text": "module"}, {"href": "http://www.google.com/search?q=perception", "size": 1.0085620135034241, "text": "perception"}, {"href": "http://www.google.com/search?q=yield", "size": 1.0076131841098752, "text": "yield"}, {"href": "http://www.google.com/search?q=environments", "size": 1.007341975341168, "text": "environments"}, {"href": "http://www.google.com/search?q=robot", "size": 1.0073171502968001, "text": "robot"}, {"href": "http://www.google.com/search?q=assembly", "size": 1.006986430316107, "text": "assembly"}, {"href": "http://www.google.com/search?q=virtual reality", "size": 1.0067258631883134, "text": "virtual reality"}, {"href": "http://www.google.com/search?q=participation", "size": 1.0066027348242472, "text": "participation"}, {"href": "http://www.google.com/search?q=cloud", "size": 1.0065906694833404, "text": "cloud"}, {"href": "http://www.google.com/search?q=mesh", "size": 1.0063695248757272, "text": "mesh"}, {"href": "http://www.google.com/search?q=map", "size": 1.005852726245438, "text": "map"}, {"href": "http://www.google.com/search?q=guidance", "size": 1.005668750086692, "text": "guidance"}, {"href": "http://www.google.com/search?q=orientation", "size": 1.0055810322632999, "text": "orientation"}, {"href": "http://www.google.com/search?q=segmentation", "size": 1.0054959877548522, "text": "segmentation"}, {"href": "http://www.google.com/search?q=geometry", "size": 1.0054544300921082, "text": "geometry"}, {"href": "http://www.google.com/search?q=open source", "size": 1.0053334443030408, "text": "open source"}, {"href": "http://www.google.com/search?q=minimization", "size": 1.0052942996695131, "text": "minimization"}, {"href": "http://www.google.com/search?q=reconstruction", "size": 1.0049662528933492, "text": "reconstruction"}, {"href": "http://www.google.com/search?q=estimation", "size": 1.0049390498115496, "text": "estimation"}, {"href": "http://www.google.com/search?q=computer vision", "size": 1.004898799412839, "text": "computer vision"}, {"href": "http://www.google.com/search?q=motion", "size": 1.0048331537359436, "text": "motion"}, {"href": "http://www.google.com/search?q=vision", "size": 1.0042746551003259, "text": "vision"}, {"href": "http://www.google.com/search?q=mobility", "size": 1.0041636249415362, "text": "mobility"}, {"href": "http://www.google.com/search?q=real time", "size": 1.0041337995070134, "text": "real time"}, {"href": "http://www.google.com/search?q=safety", "size": 1.0040355132351568, "text": "safety"}, {"href": "http://www.google.com/search?q=ranging", "size": 1.0039580135686834, "text": "ranging"}, {"href": "http://www.google.com/search?q=matching", "size": 1.0038939161044913, "text": "matching"}, {"href": "http://www.google.com/search?q=cortex", "size": 1.0038318615910269, "text": "cortex"}, {"href": "http://www.google.com/search?q=range", "size": 1.003679407862476, "text": "range"}, {"href": "http://www.google.com/search?q=collaboration", "size": 1.0036385770633482, "text": "collaboration"}, {"href": "http://www.google.com/search?q=growth", "size": 1.003620315678697, "text": "growth"}, {"href": "http://www.google.com/search?q=robots", "size": 1.003584337349039, "text": "robots"}, {"href": "http://www.google.com/search?q=update", "size": 1.0034974442362272, "text": "update"}]