[{"href": "http://www.google.com/search?q=magnetotactic", "size": 5.20945336562895, "text": "magnetotactic"}, {"href": "http://www.google.com/search?q=magnetotactic bacteria", "size": 5.0, "text": "magnetotactic bacteria"}, {"href": "http://www.google.com/search?q=magnetosomes", "size": 2.584962500721156, "text": "magnetosomes"}, {"href": "http://www.google.com/search?q=microrobots", "size": 1.222392421336448, "text": "microrobots"}, {"href": "http://www.google.com/search?q=bacterial magnetic particles", "size": 1.222392421336448, "text": "bacterial magnetic particles"}, {"href": "http://www.google.com/search?q=magnetic nanocrystals", "size": 1.222392421336448, "text": "magnetic nanocrystals"}, {"href": "http://www.google.com/search?q=paramagnetism", "size": 1.1375035237499351, "text": "paramagnetism"}, {"href": "http://www.google.com/search?q=magnetic hyperthermia", "size": 1.1154772174199359, "text": "magnetic hyperthermia"}, {"href": "http://www.google.com/search?q=magnetite", "size": 1.1080597458574528, "text": "magnetite"}, {"href": "http://www.google.com/search?q=subcellular organization", "size": 1.0995356735509143, "text": "subcellular organization"}, {"href": "http://www.google.com/search?q=biomineralization", "size": 1.0931094043914815, "text": "biomineralization"}, {"href": "http://www.google.com/search?q=heavy metal ion", "size": 1.070389327891398, "text": "heavy metal ion"}, {"href": "http://www.google.com/search?q=magnetic materials", "size": 1.070389327891398, "text": "magnetic materials"}, {"href": "http://www.google.com/search?q=molecular resolution", "size": 1.0588936890535687, "text": "molecular resolution"}, {"href": "http://www.google.com/search?q=environmental biotechnology", "size": 1.0588936890535687, "text": "environmental biotechnology"}, {"href": "http://www.google.com/search?q=orient", "size": 1.0551415541924607, "text": "orient"}, {"href": "http://www.google.com/search?q=gusa", "size": 1.0544477840223765, "text": "gusa"}, {"href": "http://www.google.com/search?q=redox mediators", "size": 1.0506260730699681, "text": "redox mediators"}, {"href": "http://www.google.com/search?q=compass", "size": 1.0489096004809466, "text": "compass"}, {"href": "http://www.google.com/search?q=iron transporter", "size": 1.0473057147783569, "text": "iron transporter"}, {"href": "http://www.google.com/search?q=size variability", "size": 1.0443941193584534, "text": "size variability"}, {"href": "http://www.google.com/search?q=magnetism", "size": 1.043068721891886, "text": "magnetism"}, {"href": "http://www.google.com/search?q=magnetometry", "size": 1.0418201756946268, "text": "magnetometry"}, {"href": "http://www.google.com/search?q=magnetic field strength", "size": 1.0395283641866373, "text": "magnetic field strength"}, {"href": "http://www.google.com/search?q=ultrastructures", "size": 1.0395283641866373, "text": "ultrastructures"}, {"href": "http://www.google.com/search?q=ferric uptake regulator", "size": 1.0339473319233377, "text": "ferric uptake regulator"}, {"href": "http://www.google.com/search?q=phototaxis", "size": 1.0339473319233377, "text": "phototaxis"}, {"href": "http://www.google.com/search?q=mtb", "size": 1.0336307778812803, "text": "mtb"}, {"href": "http://www.google.com/search?q=iron transport", "size": 1.032914622472735, "text": "iron transport"}, {"href": "http://www.google.com/search?q=magnetic particles", "size": 1.031708859727338, "text": "magnetic particles"}, {"href": "http://www.google.com/search?q=yellow sea", "size": 1.0310268956206246, "text": "yellow sea"}, {"href": "http://www.google.com/search?q=magnetite nanoparticles", "size": 1.0310268956206246, "text": "magnetite nanoparticles"}, {"href": "http://www.google.com/search?q=cdf", "size": 1.027480736422107, "text": "cdf"}, {"href": "http://www.google.com/search?q=environmental remediation", "size": 1.027480736422107, "text": "environmental remediation"}, {"href": "http://www.google.com/search?q=chemolithoautotrophic", "size": 1.0255350921071376, "text": "chemolithoautotrophic"}, {"href": "http://www.google.com/search?q=magnetic fields", "size": 1.0252372914990229, "text": "magnetic fields"}, {"href": "http://www.google.com/search?q=ferrous iron", "size": 1.0238467419543678, "text": "ferrous iron"}, {"href": "http://www.google.com/search?q=redox potentials", "size": 1.0230836131130412, "text": "redox potentials"}, {"href": "http://www.google.com/search?q=biochips", "size": 1.0223678130284546, "text": "biochips"}, {"href": "http://www.google.com/search?q=homology modelling", "size": 1.0223678130284546, "text": "homology modelling"}, {"href": "http://www.google.com/search?q=watermelon", "size": 1.0216950710993191, "text": "watermelon"}, {"href": "http://www.google.com/search?q=framing", "size": 1.0216950710993191, "text": "framing"}, {"href": "http://www.google.com/search?q=marine sediments", "size": 1.021373650792567, "text": "marine sediments"}, {"href": "http://www.google.com/search?q=marine habitats", "size": 1.0210616155278296, "text": "marine habitats"}, {"href": "http://www.google.com/search?q=tshr", "size": 1.0204641025597156, "text": "tshr"}, {"href": "http://www.google.com/search?q=magnetics", "size": 1.0204641025597156, "text": "magnetics"}, {"href": "http://www.google.com/search?q=uniform size", "size": 1.0204641025597156, "text": "uniform size"}, {"href": "http://www.google.com/search?q=ellipsoidal", "size": 1.0198995574377048, "text": "ellipsoidal"}, {"href": "http://www.google.com/search?q=surface sediment", "size": 1.0188590272513158, "text": "surface sediment"}, {"href": "http://www.google.com/search?q=gene cassettes", "size": 1.0183785293148544, "text": "gene cassettes"}, {"href": "http://www.google.com/search?q=microaerobic", "size": 1.0183785293148544, "text": "microaerobic"}, {"href": "http://www.google.com/search?q=whole genome amplification", "size": 1.0179219079972623, "text": "whole genome amplification"}, {"href": "http://www.google.com/search?q=salt marsh", "size": 1.017487426728841, "text": "salt marsh"}, {"href": "http://www.google.com/search?q=display technology", "size": 1.017487426728841, "text": "display technology"}, {"href": "http://www.google.com/search?q=tracking system", "size": 1.0170735133589415, "text": "tracking system"}, {"href": "http://www.google.com/search?q=cellular internalization", "size": 1.0170735133589415, "text": "cellular internalization"}, {"href": "http://www.google.com/search?q=hypothetical protein", "size": 1.0166787411466305, "text": "hypothetical protein"}, {"href": "http://www.google.com/search?q=transposon mutagenesis", "size": 1.0163018123291006, "text": "transposon mutagenesis"}, {"href": "http://www.google.com/search?q=energy efficient", "size": 1.0159415438690216, "text": "energy efficient"}, {"href": "http://www.google.com/search?q=flim", "size": 1.0155968550510186, "text": "flim"}, {"href": "http://www.google.com/search?q=critical point", "size": 1.0155968550510186, "text": "critical point"}, {"href": "http://www.google.com/search?q=invagination", "size": 1.0149503414659717, "text": "invagination"}, {"href": "http://www.google.com/search?q=redox reactions", "size": 1.0140751852117227, "text": "redox reactions"}, {"href": "http://www.google.com/search?q=structural homology", "size": 1.0138057995250305, "text": "structural homology"}, {"href": "http://www.google.com/search?q=magnetization", "size": 1.013546531837948, "text": "magnetization"}, {"href": "http://www.google.com/search?q=structural dynamics", "size": 1.013296822613458, "text": "structural dynamics"}, {"href": "http://www.google.com/search?q=baa", "size": 1.0128240403575837, "text": "baa"}, {"href": "http://www.google.com/search?q=authenticity", "size": 1.0128240403575837, "text": "authenticity"}, {"href": "http://www.google.com/search?q=new genus", "size": 1.0128240403575837, "text": "new genus"}, {"href": "http://www.google.com/search?q=specific absorption rate", "size": 1.0126000367796335, "text": "specific absorption rate"}, {"href": "http://www.google.com/search?q=living cell", "size": 1.0121747139461024, "text": "living cell"}, {"href": "http://www.google.com/search?q=electrostatic potential", "size": 1.0121747139461024, "text": "electrostatic potential"}, {"href": "http://www.google.com/search?q=nucleotide binding domain", "size": 1.011972641666076, "text": "nucleotide binding domain"}, {"href": "http://www.google.com/search?q=nitrate reduction", "size": 1.0117771677763534, "text": "nitrate reduction"}, {"href": "http://www.google.com/search?q=iron metabolism", "size": 1.0116818050476353, "text": "iron metabolism"}, {"href": "http://www.google.com/search?q=salt bridge", "size": 1.0115879742752119, "text": "salt bridge"}, {"href": "http://www.google.com/search?q=protein sorting", "size": 1.0115879742752119, "text": "protein sorting"}, {"href": "http://www.google.com/search?q=carbon fixation", "size": 1.0115879742752119, "text": "carbon fixation"}, {"href": "http://www.google.com/search?q=propeller", "size": 1.0115879742752119, "text": "propeller"}, {"href": "http://www.google.com/search?q=iron concentration", "size": 1.0114047632722494, "text": "iron concentration"}, {"href": "http://www.google.com/search?q=intertidal", "size": 1.0111405576052004, "text": "intertidal"}, {"href": "http://www.google.com/search?q=iron oxide", "size": 1.0108473822369923, "text": "iron oxide"}, {"href": "http://www.google.com/search?q=brackish", "size": 1.010268335453827, "text": "brackish"}, {"href": "http://www.google.com/search?q=squid", "size": 1.0099840885726221, "text": "squid"}, {"href": "http://www.google.com/search?q=aerobic conditions", "size": 1.0097810207925855, "text": "aerobic conditions"}, {"href": "http://www.google.com/search?q=lipid membrane", "size": 1.009715154833212, "text": "lipid membrane"}, {"href": "http://www.google.com/search?q=domains of life", "size": 1.009715154833212, "text": "domains of life"}, {"href": "http://www.google.com/search?q=cocci", "size": 1.009586048829198, "text": "cocci"}, {"href": "http://www.google.com/search?q=nap", "size": 1.0094603292490663, "text": "nap"}, {"href": "http://www.google.com/search?q=nanocrystals", "size": 1.0092778135880107, "text": "nanocrystals"}, {"href": "http://www.google.com/search?q=mms", "size": 1.0092185300293788, "text": "mms"}, {"href": "http://www.google.com/search?q=ion homeostasis", "size": 1.0092185300293788, "text": "ion homeostasis"}, {"href": "http://www.google.com/search?q=temporal variations", "size": 1.0091022071072524, "text": "temporal variations"}, {"href": "http://www.google.com/search?q=nitrate reductase", "size": 1.0091022071072524, "text": "nitrate reductase"}, {"href": "http://www.google.com/search?q=medical sciences", "size": 1.0091022071072524, "text": "medical sciences"}, {"href": "http://www.google.com/search?q=crystals", "size": 1.009045139603007, "text": "crystals"}, {"href": "http://www.google.com/search?q=porin", "size": 1.0089887832272548, "text": "porin"}]