[{"href": "http://www.google.com/search?q=mmwave", "size": 5.169925001442312, "text": "mmwave"}, {"href": "http://www.google.com/search?q=millimeter wave mmwave", "size": 4.459431618637297, "text": "millimeter wave mmwave"}, {"href": "http://www.google.com/search?q=mmwave mimo", "size": 2.807354922057604, "text": "mmwave mimo"}, {"href": "http://www.google.com/search?q=5g positioning", "size": 2.0, "text": "5g positioning"}, {"href": "http://www.google.com/search?q=hybrid precoding", "size": 1.5849625007211563, "text": "hybrid precoding"}, {"href": "http://www.google.com/search?q=beam sweeping", "size": 1.5849625007211563, "text": "beam sweeping"}, {"href": "http://www.google.com/search?q=statistical codebooks", "size": 1.5849625007211563, "text": "statistical codebooks"}, {"href": "http://www.google.com/search?q=ue id", "size": 1.5849625007211563, "text": "ue id"}, {"href": "http://www.google.com/search?q=millimeter wave communications", "size": 1.5849625007211563, "text": "millimeter wave communications"}, {"href": "http://www.google.com/search?q=channel emulation", "size": 1.5849625007211563, "text": "channel emulation"}, {"href": "http://www.google.com/search?q=cmwave", "size": 1.5849625007211563, "text": "cmwave"}, {"href": "http://www.google.com/search?q=millimeterwaves", "size": 1.5849625007211563, "text": "millimeterwaves"}, {"href": "http://www.google.com/search?q=multiuser mimo", "size": 1.5849625007211563, "text": "multiuser mimo"}, {"href": "http://www.google.com/search?q=multilayered antenna", "size": 1.5849625007211563, "text": "multilayered antenna"}, {"href": "http://www.google.com/search?q=software reconfiguration", "size": 1.5849625007211563, "text": "software reconfiguration"}, {"href": "http://www.google.com/search?q=parallel video processing", "size": 1.5849625007211563, "text": "parallel video processing"}, {"href": "http://www.google.com/search?q=steerable phased antenna arrays", "size": 1.5849625007211563, "text": "steerable phased antenna arrays"}, {"href": "http://www.google.com/search?q=pc offloading", "size": 1.5849625007211563, "text": "pc offloading"}, {"href": "http://www.google.com/search?q=cluster channels", "size": 1.5849625007211563, "text": "cluster channels"}, {"href": "http://www.google.com/search?q=mmwaves", "size": 1.5849625007211563, "text": "mmwaves"}, {"href": "http://www.google.com/search?q=millimeter wave technology", "size": 1.4150374992788437, "text": "millimeter wave technology"}, {"href": "http://www.google.com/search?q=v2x communications", "size": 1.4150374992788437, "text": "v2x communications"}, {"href": "http://www.google.com/search?q=discontinuous reception", "size": 1.3219280948873624, "text": "discontinuous reception"}, {"href": "http://www.google.com/search?q=channel prediction", "size": 1.3219280948873624, "text": "channel prediction"}, {"href": "http://www.google.com/search?q=channel sounding", "size": 1.3219280948873624, "text": "channel sounding"}, {"href": "http://www.google.com/search?q=performance interference", "size": 1.3219280948873624, "text": "performance interference"}, {"href": "http://www.google.com/search?q=ubiquitous connectivity", "size": 1.3219280948873624, "text": "ubiquitous connectivity"}, {"href": "http://www.google.com/search?q=iqvm", "size": 1.3219280948873624, "text": "iqvm"}, {"href": "http://www.google.com/search?q=direct position estimation", "size": 1.3219280948873624, "text": "direct position estimation"}, {"href": "http://www.google.com/search?q=model order estimation", "size": 1.3219280948873624, "text": "model order estimation"}, {"href": "http://www.google.com/search?q=quadrature spatial modulation qsm", "size": 1.3219280948873624, "text": "quadrature spatial modulation qsm"}, {"href": "http://www.google.com/search?q=wideband system", "size": 1.3219280948873624, "text": "wideband system"}, {"href": "http://www.google.com/search?q=millimeter wave channel", "size": 1.3219280948873624, "text": "millimeter wave channel"}, {"href": "http://www.google.com/search?q=reference signal received power rsrp", "size": 1.3219280948873624, "text": "reference signal received power rsrp"}, {"href": "http://www.google.com/search?q=multipath characteristics", "size": 1.3219280948873624, "text": "multipath characteristics"}, {"href": "http://www.google.com/search?q=beam squint", "size": 1.3219280948873624, "text": "beam squint"}, {"href": "http://www.google.com/search?q=hybrid positioning", "size": 1.3219280948873624, "text": "hybrid positioning"}, {"href": "http://www.google.com/search?q=fountain codes", "size": 1.3219280948873624, "text": "fountain codes"}, {"href": "http://www.google.com/search?q=hybrid beamforming", "size": 1.2630344058337937, "text": "hybrid beamforming"}, {"href": "http://www.google.com/search?q=beamspace", "size": 1.2630344058337937, "text": "beamspace"}, {"href": "http://www.google.com/search?q=user density", "size": 1.222392421336448, "text": "user density"}, {"href": "http://www.google.com/search?q=the laplace distribution", "size": 1.222392421336448, "text": "the laplace distribution"}, {"href": "http://www.google.com/search?q=vector modulator", "size": 1.222392421336448, "text": "vector modulator"}, {"href": "http://www.google.com/search?q=stdma", "size": 1.222392421336448, "text": "stdma"}, {"href": "http://www.google.com/search?q=omnidirectional antenna", "size": 1.222392421336448, "text": "omnidirectional antenna"}, {"href": "http://www.google.com/search?q=hybrid localization", "size": 1.222392421336448, "text": "hybrid localization"}, {"href": "http://www.google.com/search?q=slnr", "size": 1.222392421336448, "text": "slnr"}, {"href": "http://www.google.com/search?q=cmos soi", "size": 1.222392421336448, "text": "cmos soi"}, {"href": "http://www.google.com/search?q=sparse signal processing", "size": 1.222392421336448, "text": "sparse signal processing"}, {"href": "http://www.google.com/search?q=rain attenuation", "size": 1.222392421336448, "text": "rain attenuation"}, {"href": "http://www.google.com/search?q=quadrature spatial modulation", "size": 1.222392421336448, "text": "quadrature spatial modulation"}, {"href": "http://www.google.com/search?q=dual connectivity", "size": 1.1699250014423124, "text": "dual connectivity"}, {"href": "http://www.google.com/search?q=rsrp", "size": 1.1699250014423124, "text": "rsrp"}, {"href": "http://www.google.com/search?q=autoregressive moving average arma model", "size": 1.1699250014423124, "text": "autoregressive moving average arma model"}, {"href": "http://www.google.com/search?q=complementary technologies", "size": 1.1699250014423124, "text": "complementary technologies"}, {"href": "http://www.google.com/search?q=mobile virtual reality", "size": 1.1699250014423124, "text": "mobile virtual reality"}, {"href": "http://www.google.com/search?q=wireless indoor localization", "size": 1.1699250014423124, "text": "wireless indoor localization"}, {"href": "http://www.google.com/search?q=cellular v2x", "size": 1.1699250014423124, "text": "cellular v2x"}, {"href": "http://www.google.com/search?q=massive mimo systems", "size": 1.1468413883292712, "text": "massive mimo systems"}, {"href": "http://www.google.com/search?q=path loss exponent", "size": 1.1375035237499351, "text": "path loss exponent"}, {"href": "http://www.google.com/search?q=precoder design", "size": 1.1375035237499351, "text": "precoder design"}, {"href": "http://www.google.com/search?q=markov chain process", "size": 1.1375035237499351, "text": "markov chain process"}, {"href": "http://www.google.com/search?q=shvc", "size": 1.1375035237499351, "text": "shvc"}, {"href": "http://www.google.com/search?q=throughput enhancement", "size": 1.1375035237499351, "text": "throughput enhancement"}, {"href": "http://www.google.com/search?q=beam search", "size": 1.1375035237499351, "text": "beam search"}, {"href": "http://www.google.com/search?q=3d ray tracing", "size": 1.1375035237499351, "text": "3d ray tracing"}, {"href": "http://www.google.com/search?q=5g mobile networks", "size": 1.1375035237499351, "text": "5g mobile networks"}, {"href": "http://www.google.com/search?q=m channel", "size": 1.1375035237499351, "text": "m channel"}, {"href": "http://www.google.com/search?q=millimeter wave", "size": 1.1273793064762276, "text": "millimeter wave"}, {"href": "http://www.google.com/search?q=cpri", "size": 1.1154772174199359, "text": "cpri"}, {"href": "http://www.google.com/search?q=multipath signals", "size": 1.1154772174199359, "text": "multipath signals"}, {"href": "http://www.google.com/search?q=vehicular sensor networks", "size": 1.1154772174199359, "text": "vehicular sensor networks"}, {"href": "http://www.google.com/search?q=macro cellular", "size": 1.1154772174199359, "text": "macro cellular"}, {"href": "http://www.google.com/search?q=5g technologies", "size": 1.1154772174199359, "text": "5g technologies"}, {"href": "http://www.google.com/search?q=video users", "size": 1.1154772174199359, "text": "video users"}, {"href": "http://www.google.com/search?q=input matching", "size": 1.1154772174199359, "text": "input matching"}, {"href": "http://www.google.com/search?q=wireless localization", "size": 1.1154772174199359, "text": "wireless localization"}, {"href": "http://www.google.com/search?q=precoder", "size": 1.0995356735509143, "text": "precoder"}, {"href": "http://www.google.com/search?q=ray tracing simulation", "size": 1.0995356735509143, "text": "ray tracing simulation"}, {"href": "http://www.google.com/search?q=multiuser interference", "size": 1.0995356735509143, "text": "multiuser interference"}, {"href": "http://www.google.com/search?q=array receiver", "size": 1.0995356735509143, "text": "array receiver"}, {"href": "http://www.google.com/search?q=video retrieval", "size": 1.0995356735509143, "text": "video retrieval"}, {"href": "http://www.google.com/search?q=5g network", "size": 1.0931094043914815, "text": "5g network"}, {"href": "http://www.google.com/search?q=5g communications", "size": 1.0874628412503395, "text": "5g communications"}, {"href": "http://www.google.com/search?q=adaptive coding", "size": 1.0874628412503395, "text": "adaptive coding"}, {"href": "http://www.google.com/search?q=vlsi design", "size": 1.0874628412503395, "text": "vlsi design"}, {"href": "http://www.google.com/search?q=5g wireless networks", "size": 1.0874628412503395, "text": "5g wireless networks"}, {"href": "http://www.google.com/search?q=location uncertainty", "size": 1.0874628412503395, "text": "location uncertainty"}, {"href": "http://www.google.com/search?q=directional antenna", "size": 1.0874628412503395, "text": "directional antenna"}, {"href": "http://www.google.com/search?q=limited feedback", "size": 1.0874628412503395, "text": "limited feedback"}, {"href": "http://www.google.com/search?q=common public radio interface", "size": 1.0874628412503395, "text": "common public radio interface"}, {"href": "http://www.google.com/search?q=precoding", "size": 1.0834160081876376, "text": "precoding"}, {"href": "http://www.google.com/search?q=nlos", "size": 1.0801703486839835, "text": "nlos"}, {"href": "http://www.google.com/search?q=arbitrary distribution", "size": 1.0780025120012733, "text": "arbitrary distribution"}, {"href": "http://www.google.com/search?q=block diagonalization", "size": 1.0780025120012733, "text": "block diagonalization"}, {"href": "http://www.google.com/search?q=channel measurements", "size": 1.0780025120012733, "text": "channel measurements"}, {"href": "http://www.google.com/search?q=communication reliability", "size": 1.0780025120012733, "text": "communication reliability"}, {"href": "http://www.google.com/search?q=mimo systems", "size": 1.0752881273042372, "text": "mimo systems"}, {"href": "http://www.google.com/search?q=millimetre wave", "size": 1.070389327891398, "text": "millimetre wave"}]