[{"href": "http://www.google.com/search?q=nanofiber scaffolds", "size": 2.807354922057604, "text": "nanofiber scaffolds"}, {"href": "http://www.google.com/search?q=carbon nanofiber", "size": 2.0, "text": "carbon nanofiber"}, {"href": "http://www.google.com/search?q=polycarbonate urethane", "size": 1.5849625007211563, "text": "polycarbonate urethane"}, {"href": "http://www.google.com/search?q=4p 2", "size": 1.5849625007211563, "text": "4p 2"}, {"href": "http://www.google.com/search?q=nanobiocatalysis", "size": 1.5849625007211563, "text": "nanobiocatalysis"}, {"href": "http://www.google.com/search?q=nanowber", "size": 1.5849625007211563, "text": "nanowber"}, {"href": "http://www.google.com/search?q=coaxial electrospinning", "size": 1.3219280948873624, "text": "coaxial electrospinning"}, {"href": "http://www.google.com/search?q=nanofibers", "size": 1.306661338234052, "text": "nanofibers"}, {"href": "http://www.google.com/search?q=peptide amphiphile", "size": 1.2630344058337937, "text": "peptide amphiphile"}, {"href": "http://www.google.com/search?q=microfibers", "size": 1.2630344058337937, "text": "microfibers"}, {"href": "http://www.google.com/search?q=nanofibrous scaffold", "size": 1.222392421336448, "text": "nanofibrous scaffold"}, {"href": "http://www.google.com/search?q=cell colonization", "size": 1.222392421336448, "text": "cell colonization"}, {"href": "http://www.google.com/search?q=tertiary protein structure", "size": 1.222392421336448, "text": "tertiary protein structure"}, {"href": "http://www.google.com/search?q=property testing", "size": 1.222392421336448, "text": "property testing"}, {"href": "http://www.google.com/search?q=revolutions per minute", "size": 1.222392421336448, "text": "revolutions per minute"}, {"href": "http://www.google.com/search?q=peptide secondary structure", "size": 1.222392421336448, "text": "peptide secondary structure"}, {"href": "http://www.google.com/search?q=enzyme stabilization", "size": 1.222392421336448, "text": "enzyme stabilization"}, {"href": "http://www.google.com/search?q=laser light scattering lls", "size": 1.222392421336448, "text": "laser light scattering lls"}, {"href": "http://www.google.com/search?q=bioscaffolds", "size": 1.222392421336448, "text": "bioscaffolds"}, {"href": "http://www.google.com/search?q=fibrin clot formation", "size": 1.222392421336448, "text": "fibrin clot formation"}, {"href": "http://www.google.com/search?q=hydroxypropylcellulose hpc", "size": 1.1699250014423124, "text": "hydroxypropylcellulose hpc"}, {"href": "http://www.google.com/search?q=nanofibrous membranes", "size": 1.1699250014423124, "text": "nanofibrous membranes"}, {"href": "http://www.google.com/search?q=speed control", "size": 1.1699250014423124, "text": "speed control"}, {"href": "http://www.google.com/search?q=3d cell cultures", "size": 1.1375035237499351, "text": "3d cell cultures"}, {"href": "http://www.google.com/search?q=glutaraldehyde fixation", "size": 1.1375035237499351, "text": "glutaraldehyde fixation"}, {"href": "http://www.google.com/search?q=electrospinning", "size": 1.1353518528948863, "text": "electrospinning"}, {"href": "http://www.google.com/search?q=normal human keratinocytes", "size": 1.1202942337177118, "text": "normal human keratinocytes"}, {"href": "http://www.google.com/search?q=peptide scaffold", "size": 1.1154772174199359, "text": "peptide scaffold"}, {"href": "http://www.google.com/search?q=simulated body fluids", "size": 1.1154772174199359, "text": "simulated body fluids"}, {"href": "http://www.google.com/search?q=meh", "size": 1.1154772174199359, "text": "meh"}, {"href": "http://www.google.com/search?q=bone marrow homing", "size": 1.0995356735509143, "text": "bone marrow homing"}, {"href": "http://www.google.com/search?q=3d architecture", "size": 1.0995356735509143, "text": "3d architecture"}, {"href": "http://www.google.com/search?q=travel distance", "size": 1.0995356735509143, "text": "travel distance"}, {"href": "http://www.google.com/search?q=biofuel cell", "size": 1.0874628412503395, "text": "biofuel cell"}, {"href": "http://www.google.com/search?q=karp", "size": 1.0874628412503395, "text": "karp"}, {"href": "http://www.google.com/search?q=fpc", "size": 1.0780025120012733, "text": "fpc"}, {"href": "http://www.google.com/search?q=scaffold fabrication", "size": 1.0780025120012733, "text": "scaffold fabrication"}, {"href": "http://www.google.com/search?q=cnf", "size": 1.0780025120012733, "text": "cnf"}, {"href": "http://www.google.com/search?q=vascular tissue engineering", "size": 1.0780025120012733, "text": "vascular tissue engineering"}, {"href": "http://www.google.com/search?q=lla", "size": 1.0780025120012733, "text": "lla"}, {"href": "http://www.google.com/search?q=wound dressing", "size": 1.0780025120012733, "text": "wound dressing"}, {"href": "http://www.google.com/search?q=nutrient mixture", "size": 1.070389327891398, "text": "nutrient mixture"}, {"href": "http://www.google.com/search?q=extension rate", "size": 1.070389327891398, "text": "extension rate"}, {"href": "http://www.google.com/search?q=bending stiffness", "size": 1.070389327891398, "text": "bending stiffness"}, {"href": "http://www.google.com/search?q=linear elasticity", "size": 1.070389327891398, "text": "linear elasticity"}, {"href": "http://www.google.com/search?q=human fibrinogen", "size": 1.0588936890535687, "text": "human fibrinogen"}, {"href": "http://www.google.com/search?q=biomimetic materials", "size": 1.0588936890535687, "text": "biomimetic materials"}, {"href": "http://www.google.com/search?q=hydrothermal reaction", "size": 1.0588936890535687, "text": "hydrothermal reaction"}, {"href": "http://www.google.com/search?q=dendron", "size": 1.0588936890535687, "text": "dendron"}, {"href": "http://www.google.com/search?q=cell seeding density", "size": 1.0588936890535687, "text": "cell seeding density"}, {"href": "http://www.google.com/search?q=mineralization process", "size": 1.0544477840223765, "text": "mineralization process"}, {"href": "http://www.google.com/search?q=axonal regrowth", "size": 1.0544477840223765, "text": "axonal regrowth"}, {"href": "http://www.google.com/search?q=surface area to volume ratio", "size": 1.0544477840223765, "text": "surface area to volume ratio"}, {"href": "http://www.google.com/search?q=fibroblast growth factor receptor 2", "size": 1.0506260730699681, "text": "fibroblast growth factor receptor 2"}, {"href": "http://www.google.com/search?q=nanostructure", "size": 1.048363021561399, "text": "nanostructure"}, {"href": "http://www.google.com/search?q=hspc", "size": 1.0473057147783569, "text": "hspc"}, {"href": "http://www.google.com/search?q=poly l lactic acid", "size": 1.0450878895285378, "text": "poly l lactic acid"}, {"href": "http://www.google.com/search?q=eden", "size": 1.0443941193584534, "text": "eden"}, {"href": "http://www.google.com/search?q=blood protein", "size": 1.0443941193584534, "text": "blood protein"}, {"href": "http://www.google.com/search?q=albumin secretion", "size": 1.0443941193584534, "text": "albumin secretion"}, {"href": "http://www.google.com/search?q=cytocompatibility", "size": 1.0418201756946268, "text": "cytocompatibility"}, {"href": "http://www.google.com/search?q=waxd", "size": 1.0418201756946268, "text": "waxd"}, {"href": "http://www.google.com/search?q=silk fibroin", "size": 1.0418201756946268, "text": "silk fibroin"}, {"href": "http://www.google.com/search?q=cardiovascular tissue", "size": 1.0418201756946268, "text": "cardiovascular tissue"}, {"href": "http://www.google.com/search?q=high aspect ratio", "size": 1.0395283641866373, "text": "high aspect ratio"}, {"href": "http://www.google.com/search?q=performance analysis", "size": 1.0395283641866373, "text": "performance analysis"}, {"href": "http://www.google.com/search?q=cell scaffold", "size": 1.0395283641866373, "text": "cell scaffold"}, {"href": "http://www.google.com/search?q=energy dispersive spectroscopy", "size": 1.0395283641866373, "text": "energy dispersive spectroscopy"}, {"href": "http://www.google.com/search?q=amphiphiles", "size": 1.0384741478146358, "text": "amphiphiles"}, {"href": "http://www.google.com/search?q=lower critical solution temperature", "size": 1.037474705418663, "text": "lower critical solution temperature"}, {"href": "http://www.google.com/search?q=minimal essential medium", "size": 1.037474705418663, "text": "minimal essential medium"}, {"href": "http://www.google.com/search?q=persistence length", "size": 1.037474705418663, "text": "persistence length"}, {"href": "http://www.google.com/search?q=lcst", "size": 1.0356239097307214, "text": "lcst"}, {"href": "http://www.google.com/search?q=electron transfer rate", "size": 1.0356239097307214, "text": "electron transfer rate"}, {"href": "http://www.google.com/search?q=hfip", "size": 1.0356239097307214, "text": "hfip"}, {"href": "http://www.google.com/search?q=degradation behavior", "size": 1.0356239097307214, "text": "degradation behavior"}, {"href": "http://www.google.com/search?q=tissue engineering scaffolds", "size": 1.0356239097307214, "text": "tissue engineering scaffolds"}, {"href": "http://www.google.com/search?q=plla", "size": 1.0351894284623002, "text": "plla"}, {"href": "http://www.google.com/search?q=pulmonary hypoplasia", "size": 1.0339473319233377, "text": "pulmonary hypoplasia"}, {"href": "http://www.google.com/search?q=vascular graft", "size": 1.0339473319233377, "text": "vascular graft"}, {"href": "http://www.google.com/search?q=tensile stress", "size": 1.0339473319233377, "text": "tensile stress"}, {"href": "http://www.google.com/search?q=cell culture techniques", "size": 1.0324214776923775, "text": "cell culture techniques"}, {"href": "http://www.google.com/search?q=fibrin gel", "size": 1.0324214776923775, "text": "fibrin gel"}, {"href": "http://www.google.com/search?q=physiological solution", "size": 1.0324214776923775, "text": "physiological solution"}, {"href": "http://www.google.com/search?q=fibroin", "size": 1.0324214776923775, "text": "fibroin"}, {"href": "http://www.google.com/search?q=electric potential", "size": 1.0310268956206246, "text": "electric potential"}, {"href": "http://www.google.com/search?q=rgds", "size": 1.0310268956206246, "text": "rgds"}, {"href": "http://www.google.com/search?q=bioactive peptide", "size": 1.0310268956206246, "text": "bioactive peptide"}, {"href": "http://www.google.com/search?q=area 1", "size": 1.029747343394052, "text": "area 1"}, {"href": "http://www.google.com/search?q=mechanical property", "size": 1.029747343394052, "text": "mechanical property"}, {"href": "http://www.google.com/search?q=elastic fiber", "size": 1.029747343394052, "text": "elastic fiber"}, {"href": "http://www.google.com/search?q=welding", "size": 1.029747343394052, "text": "welding"}, {"href": "http://www.google.com/search?q=perfusion culture", "size": 1.028569152196771, "text": "perfusion culture"}, {"href": "http://www.google.com/search?q=extensibility", "size": 1.027480736422107, "text": "extensibility"}, {"href": "http://www.google.com/search?q=mechanical performance", "size": 1.027480736422107, "text": "mechanical performance"}, {"href": "http://www.google.com/search?q=immobilized enzymes", "size": 1.027480736422107, "text": "immobilized enzymes"}, {"href": "http://www.google.com/search?q=x axis", "size": 1.027480736422107, "text": "x axis"}]