[{"href": "http://www.google.com/search?q=opencl", "size": 6.794415866350106, "text": "opencl"}, {"href": "http://www.google.com/search?q=kronecker sum", "size": 1.5849625007211563, "text": "kronecker sum"}, {"href": "http://www.google.com/search?q=random finite set bayesian filtering", "size": 1.5849625007211563, "text": "random finite set bayesian filtering"}, {"href": "http://www.google.com/search?q=sca portability", "size": 1.5849625007211563, "text": "sca portability"}, {"href": "http://www.google.com/search?q=automatic beam commissioning", "size": 1.5849625007211563, "text": "automatic beam commissioning"}, {"href": "http://www.google.com/search?q=heterogeneous parallel architectures", "size": 1.5849625007211563, "text": "heterogeneous parallel architectures"}, {"href": "http://www.google.com/search?q=carrampsocl", "size": 1.5849625007211563, "text": "carrampsocl"}, {"href": "http://www.google.com/search?q=parallel implementation and optimization", "size": 1.5849625007211563, "text": "parallel implementation and optimization"}, {"href": "http://www.google.com/search?q=vector engine", "size": 1.5849625007211563, "text": "vector engine"}, {"href": "http://www.google.com/search?q=integrated cpu gpu", "size": 1.5849625007211563, "text": "integrated cpu gpu"}, {"href": "http://www.google.com/search?q=synergistic computing", "size": 1.5849625007211563, "text": "synergistic computing"}, {"href": "http://www.google.com/search?q=probabilistic power flow", "size": 1.5849625007211563, "text": "probabilistic power flow"}, {"href": "http://www.google.com/search?q=open computing language", "size": 1.4150374992788437, "text": "open computing language"}, {"href": "http://www.google.com/search?q=dirichlet density", "size": 1.3219280948873624, "text": "dirichlet density"}, {"href": "http://www.google.com/search?q=electroencephalogram classification", "size": 1.3219280948873624, "text": "electroencephalogram classification"}, {"href": "http://www.google.com/search?q=vmat dose calculation", "size": 1.3219280948873624, "text": "vmat dose calculation"}, {"href": "http://www.google.com/search?q=consistency management", "size": 1.3219280948873624, "text": "consistency management"}, {"href": "http://www.google.com/search?q=passthrough", "size": 1.3219280948873624, "text": "passthrough"}, {"href": "http://www.google.com/search?q=gpu programming", "size": 1.2801079191927351, "text": "gpu programming"}, {"href": "http://www.google.com/search?q=computer vision tools", "size": 1.222392421336448, "text": "computer vision tools"}, {"href": "http://www.google.com/search?q=nearest neighbor searches", "size": 1.222392421336448, "text": "nearest neighbor searches"}, {"href": "http://www.google.com/search?q=integration of devices", "size": 1.222392421336448, "text": "integration of devices"}, {"href": "http://www.google.com/search?q=misfit function", "size": 1.222392421336448, "text": "misfit function"}, {"href": "http://www.google.com/search?q=model at runtime", "size": 1.222392421336448, "text": "model at runtime"}, {"href": "http://www.google.com/search?q=nengo", "size": 1.222392421336448, "text": "nengo"}, {"href": "http://www.google.com/search?q=memory access optimization", "size": 1.222392421336448, "text": "memory access optimization"}, {"href": "http://www.google.com/search?q=heterogeneous processors", "size": 1.222392421336448, "text": "heterogeneous processors"}, {"href": "http://www.google.com/search?q=parallel iterative algorithms", "size": 1.222392421336448, "text": "parallel iterative algorithms"}, {"href": "http://www.google.com/search?q=dynamic task scheduling", "size": 1.222392421336448, "text": "dynamic task scheduling"}, {"href": "http://www.google.com/search?q=multiple search strategies", "size": 1.222392421336448, "text": "multiple search strategies"}, {"href": "http://www.google.com/search?q=autotuning", "size": 1.1926450779423958, "text": "autotuning"}, {"href": "http://www.google.com/search?q=rodinia", "size": 1.1844245711374273, "text": "rodinia"}, {"href": "http://www.google.com/search?q=cpu and gpu", "size": 1.1783372412585125, "text": "cpu and gpu"}, {"href": "http://www.google.com/search?q=productivity performance", "size": 1.1699250014423124, "text": "productivity performance"}, {"href": "http://www.google.com/search?q=software communications architecture", "size": 1.1699250014423124, "text": "software communications architecture"}, {"href": "http://www.google.com/search?q=accelerated computing", "size": 1.1699250014423124, "text": "accelerated computing"}, {"href": "http://www.google.com/search?q=source particle", "size": 1.1699250014423124, "text": "source particle"}, {"href": "http://www.google.com/search?q=heterogeneous architectures", "size": 1.1699250014423124, "text": "heterogeneous architectures"}, {"href": "http://www.google.com/search?q=seismic modeling", "size": 1.1699250014423124, "text": "seismic modeling"}, {"href": "http://www.google.com/search?q=adjoint state method", "size": 1.1699250014423124, "text": "adjoint state method"}, {"href": "http://www.google.com/search?q=memory coherence", "size": 1.1699250014423124, "text": "memory coherence"}, {"href": "http://www.google.com/search?q=execution speedup", "size": 1.1699250014423124, "text": "execution speedup"}, {"href": "http://www.google.com/search?q=linear assignment problem", "size": 1.1699250014423124, "text": "linear assignment problem"}, {"href": "http://www.google.com/search?q=computation graph", "size": 1.1699250014423124, "text": "computation graph"}, {"href": "http://www.google.com/search?q=fifos", "size": 1.1699250014423124, "text": "fifos"}, {"href": "http://www.google.com/search?q=cuda", "size": 1.1452629472080431, "text": "cuda"}, {"href": "http://www.google.com/search?q=heterogeneous computing", "size": 1.1443899093351746, "text": "heterogeneous computing"}, {"href": "http://www.google.com/search?q=digital signal processors", "size": 1.1375035237499351, "text": "digital signal processors"}, {"href": "http://www.google.com/search?q=stable distributions", "size": 1.1375035237499351, "text": "stable distributions"}, {"href": "http://www.google.com/search?q=dynamic parallelism", "size": 1.1375035237499351, "text": "dynamic parallelism"}, {"href": "http://www.google.com/search?q=nvidia cuda", "size": 1.1375035237499351, "text": "nvidia cuda"}, {"href": "http://www.google.com/search?q=expected shortfall", "size": 1.1375035237499351, "text": "expected shortfall"}, {"href": "http://www.google.com/search?q=metaprogramming", "size": 1.1375035237499351, "text": "metaprogramming"}, {"href": "http://www.google.com/search?q=gpgpu", "size": 1.1319116755055811, "text": "gpgpu"}, {"href": "http://www.google.com/search?q=gpus", "size": 1.1162696893107156, "text": "gpus"}, {"href": "http://www.google.com/search?q=neural engineering framework", "size": 1.1154772174199359, "text": "neural engineering framework"}, {"href": "http://www.google.com/search?q=source sampling", "size": 1.1154772174199359, "text": "source sampling"}, {"href": "http://www.google.com/search?q=cosamp", "size": 1.1154772174199359, "text": "cosamp"}, {"href": "http://www.google.com/search?q=gflops", "size": 1.1154772174199359, "text": "gflops"}, {"href": "http://www.google.com/search?q=carbon therapy", "size": 1.1154772174199359, "text": "carbon therapy"}, {"href": "http://www.google.com/search?q=quantile function", "size": 1.106915203916512, "text": "quantile function"}, {"href": "http://www.google.com/search?q=smart camera", "size": 1.0995356735509143, "text": "smart camera"}, {"href": "http://www.google.com/search?q=approximate computation", "size": 1.0995356735509143, "text": "approximate computation"}, {"href": "http://www.google.com/search?q=optical sorting", "size": 1.0995356735509143, "text": "optical sorting"}, {"href": "http://www.google.com/search?q=cublas", "size": 1.0995356735509143, "text": "cublas"}, {"href": "http://www.google.com/search?q=classifier chains", "size": 1.0995356735509143, "text": "classifier chains"}, {"href": "http://www.google.com/search?q=k40", "size": 1.0995356735509143, "text": "k40"}, {"href": "http://www.google.com/search?q=graphics processing units gpus", "size": 1.096215315259303, "text": "graphics processing units gpus"}, {"href": "http://www.google.com/search?q=iterative computation", "size": 1.0931094043914815, "text": "iterative computation"}, {"href": "http://www.google.com/search?q=conventional radiology", "size": 1.0874628412503395, "text": "conventional radiology"}, {"href": "http://www.google.com/search?q=nested loops", "size": 1.0874628412503395, "text": "nested loops"}, {"href": "http://www.google.com/search?q=rejection sampling", "size": 1.0874628412503395, "text": "rejection sampling"}, {"href": "http://www.google.com/search?q=memory consistency", "size": 1.0874628412503395, "text": "memory consistency"}, {"href": "http://www.google.com/search?q=parallel architectures", "size": 1.0874628412503395, "text": "parallel architectures"}, {"href": "http://www.google.com/search?q=task graph", "size": 1.0874628412503395, "text": "task graph"}, {"href": "http://www.google.com/search?q=cnn classifier", "size": 1.0874628412503395, "text": "cnn classifier"}, {"href": "http://www.google.com/search?q=gpu acceleration", "size": 1.082462160191973, "text": "gpu acceleration"}, {"href": "http://www.google.com/search?q=binding position", "size": 1.0780025120012733, "text": "binding position"}, {"href": "http://www.google.com/search?q=full reduction", "size": 1.0780025120012733, "text": "full reduction"}, {"href": "http://www.google.com/search?q=general purpose graphics processing unit", "size": 1.0780025120012733, "text": "general purpose graphics processing unit"}, {"href": "http://www.google.com/search?q=parallel testing", "size": 1.0780025120012733, "text": "parallel testing"}, {"href": "http://www.google.com/search?q=xeon phi", "size": 1.0780025120012733, "text": "xeon phi"}, {"href": "http://www.google.com/search?q=nufft", "size": 1.0780025120012733, "text": "nufft"}, {"href": "http://www.google.com/search?q=heterogeneous devices", "size": 1.0780025120012733, "text": "heterogeneous devices"}, {"href": "http://www.google.com/search?q=fpgas", "size": 1.0759488532332986, "text": "fpgas"}, {"href": "http://www.google.com/search?q=graphics processing units", "size": 1.0748872116309918, "text": "graphics processing units"}, {"href": "http://www.google.com/search?q=virtual memory", "size": 1.0740005814437767, "text": "virtual memory"}, {"href": "http://www.google.com/search?q=gpu", "size": 1.0715151141684924, "text": "gpu"}, {"href": "http://www.google.com/search?q=multicore cpus", "size": 1.070389327891398, "text": "multicore cpus"}, {"href": "http://www.google.com/search?q=fpga acceleration", "size": 1.070389327891398, "text": "fpga acceleration"}, {"href": "http://www.google.com/search?q=power flow analysis", "size": 1.070389327891398, "text": "power flow analysis"}, {"href": "http://www.google.com/search?q=parallel scalability", "size": 1.070389327891398, "text": "parallel scalability"}, {"href": "http://www.google.com/search?q=multiple gpus", "size": 1.070389327891398, "text": "multiple gpus"}, {"href": "http://www.google.com/search?q=heterogeneous systems", "size": 1.0681715026415792, "text": "heterogeneous systems"}, {"href": "http://www.google.com/search?q=benchmark suites", "size": 1.067114195858537, "text": "benchmark suites"}, {"href": "http://www.google.com/search?q=concurrent application", "size": 1.0641303374197155, "text": "concurrent application"}, {"href": "http://www.google.com/search?q=particle sampling", "size": 1.0641303374197155, "text": "particle sampling"}]