[{"href": "http://www.google.com/search?q=snn", "size": 3.1699250014423126, "text": "snn"}, {"href": "http://www.google.com/search?q=synergetic neural network snn", "size": 1.5849625007211563, "text": "synergetic neural network snn"}, {"href": "http://www.google.com/search?q=semantic role labeling srl", "size": 1.3219280948873624, "text": "semantic role labeling srl"}, {"href": "http://www.google.com/search?q=neuromorphic circuits", "size": 1.3219280948873624, "text": "neuromorphic circuits"}, {"href": "http://www.google.com/search?q=similar object", "size": 1.3219280948873624, "text": "similar object"}, {"href": "http://www.google.com/search?q=hardware neural network", "size": 1.3219280948873624, "text": "hardware neural network"}, {"href": "http://www.google.com/search?q=parameter mapping", "size": 1.1699250014423124, "text": "parameter mapping"}, {"href": "http://www.google.com/search?q=autonomous navigation system", "size": 1.1699250014423124, "text": "autonomous navigation system"}, {"href": "http://www.google.com/search?q=resistive random access memory", "size": 1.1699250014423124, "text": "resistive random access memory"}, {"href": "http://www.google.com/search?q=mnist dataset", "size": 1.1699250014423124, "text": "mnist dataset"}, {"href": "http://www.google.com/search?q=resistive memory", "size": 1.1699250014423124, "text": "resistive memory"}, {"href": "http://www.google.com/search?q=spiking neural networks", "size": 1.1292830169449666, "text": "spiking neural networks"}, {"href": "http://www.google.com/search?q=neuromorphic hardware", "size": 1.1154772174199359, "text": "neuromorphic hardware"}, {"href": "http://www.google.com/search?q=industrial robots", "size": 1.0995356735509143, "text": "industrial robots"}, {"href": "http://www.google.com/search?q=learning artificial intelligence", "size": 1.0995356735509143, "text": "learning artificial intelligence"}, {"href": "http://www.google.com/search?q=stdp", "size": 1.0931094043914815, "text": "stdp"}, {"href": "http://www.google.com/search?q=log linear", "size": 1.0874628412503395, "text": "log linear"}, {"href": "http://www.google.com/search?q=worm", "size": 1.0874628412503395, "text": "worm"}, {"href": "http://www.google.com/search?q=c elegans", "size": 1.0780025120012733, "text": "c elegans"}, {"href": "http://www.google.com/search?q=darpa", "size": 1.070389327891398, "text": "darpa"}, {"href": "http://www.google.com/search?q=rram", "size": 1.070389327891398, "text": "rram"}, {"href": "http://www.google.com/search?q=knowledge sources", "size": 1.0641303374197155, "text": "knowledge sources"}, {"href": "http://www.google.com/search?q=autonomous navigation", "size": 1.0544477840223765, "text": "autonomous navigation"}, {"href": "http://www.google.com/search?q=ultra low power", "size": 1.0544477840223765, "text": "ultra low power"}, {"href": "http://www.google.com/search?q=network parameters", "size": 1.0544477840223765, "text": "network parameters"}, {"href": "http://www.google.com/search?q=hardware accelerators", "size": 1.0544477840223765, "text": "hardware accelerators"}, {"href": "http://www.google.com/search?q=semantic representation", "size": 1.0506260730699681, "text": "semantic representation"}, {"href": "http://www.google.com/search?q=pso algorithm", "size": 1.0506260730699681, "text": "pso algorithm"}, {"href": "http://www.google.com/search?q=neuromorphic computing", "size": 1.0506260730699681, "text": "neuromorphic computing"}, {"href": "http://www.google.com/search?q=random search", "size": 1.0506260730699681, "text": "random search"}, {"href": "http://www.google.com/search?q=hardware cost", "size": 1.0418201756946268, "text": "hardware cost"}, {"href": "http://www.google.com/search?q=neuromorphic", "size": 1.0406419844973458, "text": "neuromorphic"}, {"href": "http://www.google.com/search?q=mlp", "size": 1.037474705418663, "text": "mlp"}, {"href": "http://www.google.com/search?q=process variation", "size": 1.0339473319233377, "text": "process variation"}, {"href": "http://www.google.com/search?q=low power consumption", "size": 1.031708859727338, "text": "low power consumption"}, {"href": "http://www.google.com/search?q=pattern classification", "size": 1.0310268956206246, "text": "pattern classification"}, {"href": "http://www.google.com/search?q=best effort", "size": 1.029747343394052, "text": "best effort"}, {"href": "http://www.google.com/search?q=neural nets", "size": 1.029747343394052, "text": "neural nets"}, {"href": "http://www.google.com/search?q=algorithm design and analysis", "size": 1.027480736422107, "text": "algorithm design and analysis"}, {"href": "http://www.google.com/search?q=local information", "size": 1.024662054234269, "text": "local information"}, {"href": "http://www.google.com/search?q=deep convolutional neural networks", "size": 1.024662054234269, "text": "deep convolutional neural networks"}, {"href": "http://www.google.com/search?q=cost efficient", "size": 1.0210616155278296, "text": "cost efficient"}, {"href": "http://www.google.com/search?q=spike", "size": 1.0209089897629808, "text": "spike"}, {"href": "http://www.google.com/search?q=hardware implementation", "size": 1.0179219079972623, "text": "hardware implementation"}, {"href": "http://www.google.com/search?q=synapse", "size": 1.0166787411466305, "text": "synapse"}, {"href": "http://www.google.com/search?q=particle swarm optimization", "size": 1.0166787411466305, "text": "particle swarm optimization"}, {"href": "http://www.google.com/search?q=particle swarm optimization pso", "size": 1.0155968550510186, "text": "particle swarm optimization pso"}, {"href": "http://www.google.com/search?q=efficient implementation", "size": 1.0123837244558325, "text": "efficient implementation"}, {"href": "http://www.google.com/search?q=cars", "size": 1.0123837244558325, "text": "cars"}, {"href": "http://www.google.com/search?q=agency", "size": 1.0114047632722494, "text": "agency"}, {"href": "http://www.google.com/search?q=network structure", "size": 1.0108883161427362, "text": "network structure"}, {"href": "http://www.google.com/search?q=synapses", "size": 1.0105692417101872, "text": "synapses"}, {"href": "http://www.google.com/search?q=linear model", "size": 1.010268335453827, "text": "linear model"}, {"href": "http://www.google.com/search?q=pso", "size": 1.0099840885726221, "text": "pso"}, {"href": "http://www.google.com/search?q=online learning", "size": 1.009715154833212, "text": "online learning"}, {"href": "http://www.google.com/search?q=recognition accuracy", "size": 1.0092185300293788, "text": "recognition accuracy"}, {"href": "http://www.google.com/search?q=neuron", "size": 1.0092185300293788, "text": "neuron"}, {"href": "http://www.google.com/search?q=supervision", "size": 1.0091022071072524, "text": "supervision"}, {"href": "http://www.google.com/search?q=learning algorithm", "size": 1.009045139603007, "text": "learning algorithm"}, {"href": "http://www.google.com/search?q=fault\u2010tolerant", "size": 1.008461578748196, "text": "fault\u2010tolerant"}, {"href": "http://www.google.com/search?q=fault tolerant", "size": 1.008461578748196, "text": "fault tolerant"}, {"href": "http://www.google.com/search?q=input data", "size": 1.007819504459299, "text": "input data"}, {"href": "http://www.google.com/search?q=convolutional neural networks", "size": 1.0076535725434352, "text": "convolutional neural networks"}, {"href": "http://www.google.com/search?q=accelerators", "size": 1.0076535725434352, "text": "accelerators"}, {"href": "http://www.google.com/search?q=defense", "size": 1.0068536710410625, "text": "defense"}, {"href": "http://www.google.com/search?q=object recognition", "size": 1.006789165662639, "text": "object recognition"}, {"href": "http://www.google.com/search?q=cmos technology", "size": 1.006789165662639, "text": "cmos technology"}, {"href": "http://www.google.com/search?q=neural networks", "size": 1.006773228595426, "text": "neural networks"}, {"href": "http://www.google.com/search?q=fault tolerance", "size": 1.006542845866772, "text": "fault tolerance"}, {"href": "http://www.google.com/search?q=natural language processing", "size": 1.0054544300921082, "text": "natural language processing"}, {"href": "http://www.google.com/search?q=voice", "size": 1.0054134961863643, "text": "voice"}, {"href": "http://www.google.com/search?q=deep learning", "size": 1.005373172098852, "text": "deep learning"}, {"href": "http://www.google.com/search?q=energy efficient", "size": 1.005373172098852, "text": "energy efficient"}, {"href": "http://www.google.com/search?q=supervised learning", "size": 1.0052942996695131, "text": "supervised learning"}, {"href": "http://www.google.com/search?q=particle", "size": 1.0052749420406744, "text": "particle"}, {"href": "http://www.google.com/search?q=language processing", "size": 1.0050355898972985, "text": "language processing"}, {"href": "http://www.google.com/search?q=low power", "size": 1.004898799412839, "text": "low power"}, {"href": "http://www.google.com/search?q=plasticity", "size": 1.0048657551718159, "text": "plasticity"}, {"href": "http://www.google.com/search?q=layout", "size": 1.0039798509125453, "text": "layout"}, {"href": "http://www.google.com/search?q=power consumption", "size": 1.0037816405424267, "text": "power consumption"}, {"href": "http://www.google.com/search?q=fpga", "size": 1.0037327188763299, "text": "fpga"}, {"href": "http://www.google.com/search?q=neuroscience", "size": 1.0036022366801955, "text": "neuroscience"}, {"href": "http://www.google.com/search?q=labeling", "size": 1.003584337349039, "text": "labeling"}, {"href": "http://www.google.com/search?q=encoding", "size": 1.0035578194131891, "text": "encoding"}, {"href": "http://www.google.com/search?q=competition", "size": 1.0033668510983986, "text": "competition"}, {"href": "http://www.google.com/search?q=tolerance", "size": 1.003275132032861, "text": "tolerance"}, {"href": "http://www.google.com/search?q=neurons", "size": 1.0032239008742865, "text": "neurons"}, {"href": "http://www.google.com/search?q=machine learning", "size": 1.002957353357173, "text": "machine learning"}, {"href": "http://www.google.com/search?q=category", "size": 1.0029057311754108, "text": "category"}, {"href": "http://www.google.com/search?q=navigation", "size": 1.0026991496009552, "text": "navigation"}, {"href": "http://www.google.com/search?q=smartphones", "size": 1.0026991496009552, "text": "smartphones"}, {"href": "http://www.google.com/search?q=damage", "size": 1.0024767302922126, "text": "damage"}, {"href": "http://www.google.com/search?q=autonomous", "size": 1.0023027858694207, "text": "autonomous"}, {"href": "http://www.google.com/search?q=cmos", "size": 1.0022809412512386, "text": "cmos"}, {"href": "http://www.google.com/search?q=mapping", "size": 1.0022315472985828, "text": "mapping"}, {"href": "http://www.google.com/search?q=robots", "size": 1.0021263011083879, "text": "robots"}, {"href": "http://www.google.com/search?q=ranging", "size": 1.002083314500489, "text": "ranging"}]