[{"href": "http://www.google.com/search?q=swarm", "size": 6.022367813028454, "text": "swarm"}, {"href": "http://www.google.com/search?q=particle swarm", "size": 5.321928094887363, "text": "particle swarm"}, {"href": "http://www.google.com/search?q=swarm optimization", "size": 5.169925001442312, "text": "swarm optimization"}, {"href": "http://www.google.com/search?q=particle swarm optimization pso", "size": 4.700439718141093, "text": "particle swarm optimization pso"}, {"href": "http://www.google.com/search?q=pso algorithm", "size": 3.5849625007211565, "text": "pso algorithm"}, {"href": "http://www.google.com/search?q=swarm intelligence", "size": 3.1699250014423126, "text": "swarm intelligence"}, {"href": "http://www.google.com/search?q=particle swarm optimization algorithm", "size": 2.584962500721156, "text": "particle swarm optimization algorithm"}, {"href": "http://www.google.com/search?q=particle swarm optimisation", "size": 2.584962500721156, "text": "particle swarm optimisation"}, {"href": "http://www.google.com/search?q=formation navigation", "size": 2.0, "text": "formation navigation"}, {"href": "http://www.google.com/search?q=particle swarm optimizers", "size": 2.0, "text": "particle swarm optimizers"}, {"href": "http://www.google.com/search?q=support vector regression machine svrm", "size": 2.0, "text": "support vector regression machine svrm"}, {"href": "http://www.google.com/search?q=global convergent search method", "size": 2.0, "text": "global convergent search method"}, {"href": "http://www.google.com/search?q=capacitance value", "size": 2.0, "text": "capacitance value"}, {"href": "http://www.google.com/search?q=certain capacitance value", "size": 2.0, "text": "certain capacitance value"}, {"href": "http://www.google.com/search?q=swarm systems", "size": 2.0, "text": "swarm systems"}, {"href": "http://www.google.com/search?q=search ability", "size": 1.8073549220576042, "text": "search ability"}, {"href": "http://www.google.com/search?q=large estimation error", "size": 1.5849625007211563, "text": "large estimation error"}, {"href": "http://www.google.com/search?q=geometric formation", "size": 1.5849625007211563, "text": "geometric formation"}, {"href": "http://www.google.com/search?q=maximum likelihood target position", "size": 1.5849625007211563, "text": "maximum likelihood target position"}, {"href": "http://www.google.com/search?q=hyper awareness", "size": 1.5849625007211563, "text": "hyper awareness"}, {"href": "http://www.google.com/search?q=length class", "size": 1.5849625007211563, "text": "length class"}, {"href": "http://www.google.com/search?q=swarm coordination", "size": 1.5849625007211563, "text": "swarm coordination"}, {"href": "http://www.google.com/search?q=calculated relationship", "size": 1.5849625007211563, "text": "calculated relationship"}, {"href": "http://www.google.com/search?q=real operational data", "size": 1.5849625007211563, "text": "real operational data"}, {"href": "http://www.google.com/search?q=multidimensional knapsack problem", "size": 1.5849625007211563, "text": "multidimensional knapsack problem"}, {"href": "http://www.google.com/search?q=parallel asynchronous algorithms", "size": 1.5849625007211563, "text": "parallel asynchronous algorithms"}, {"href": "http://www.google.com/search?q=taguchi method", "size": 1.5849625007211563, "text": "taguchi method"}, {"href": "http://www.google.com/search?q=motion mechanism", "size": 1.5849625007211563, "text": "motion mechanism"}, {"href": "http://www.google.com/search?q=public event", "size": 1.5849625007211563, "text": "public event"}, {"href": "http://www.google.com/search?q=inertia weight pso", "size": 1.5849625007211563, "text": "inertia weight pso"}, {"href": "http://www.google.com/search?q=hierarchical algorithm framework", "size": 1.5849625007211563, "text": "hierarchical algorithm framework"}, {"href": "http://www.google.com/search?q=immune mechanism", "size": 1.5849625007211563, "text": "immune mechanism"}, {"href": "http://www.google.com/search?q=large parabolic structure", "size": 1.5849625007211563, "text": "large parabolic structure"}, {"href": "http://www.google.com/search?q=mesozoic sediments", "size": 1.5849625007211563, "text": "mesozoic sediments"}, {"href": "http://www.google.com/search?q=smart convergence", "size": 1.5849625007211563, "text": "smart convergence"}, {"href": "http://www.google.com/search?q=pure pso", "size": 1.5849625007211563, "text": "pure pso"}, {"href": "http://www.google.com/search?q=local optimal solution", "size": 1.5849625007211563, "text": "local optimal solution"}, {"href": "http://www.google.com/search?q=probabilistic energy", "size": 1.5849625007211563, "text": "probabilistic energy"}, {"href": "http://www.google.com/search?q=social convergence", "size": 1.5849625007211563, "text": "social convergence"}, {"href": "http://www.google.com/search?q=support vector regression machine", "size": 1.5849625007211563, "text": "support vector regression machine"}, {"href": "http://www.google.com/search?q=quick response manufacturing", "size": 1.5849625007211563, "text": "quick response manufacturing"}, {"href": "http://www.google.com/search?q=hierarchical particle swarm optimization", "size": 1.5849625007211563, "text": "hierarchical particle swarm optimization"}, {"href": "http://www.google.com/search?q=used swarm", "size": 1.5849625007211563, "text": "used swarm"}, {"href": "http://www.google.com/search?q=expendable individual", "size": 1.5849625007211563, "text": "expendable individual"}, {"href": "http://www.google.com/search?q=formation definition", "size": 1.5849625007211563, "text": "formation definition"}, {"href": "http://www.google.com/search?q=uneven sensor distribution problem", "size": 1.5849625007211563, "text": "uneven sensor distribution problem"}, {"href": "http://www.google.com/search?q=geometry parameter", "size": 1.5849625007211563, "text": "geometry parameter"}, {"href": "http://www.google.com/search?q=lumped equivalent circuit model", "size": 1.5849625007211563, "text": "lumped equivalent circuit model"}, {"href": "http://www.google.com/search?q=decentralized swarm systems", "size": 1.5849625007211563, "text": "decentralized swarm systems"}, {"href": "http://www.google.com/search?q=larger population", "size": 1.5849625007211563, "text": "larger population"}, {"href": "http://www.google.com/search?q=large audience", "size": 1.5849625007211563, "text": "large audience"}, {"href": "http://www.google.com/search?q=interdigital capacitor", "size": 1.5849625007211563, "text": "interdigital capacitor"}, {"href": "http://www.google.com/search?q=optimization problem resolution", "size": 1.5849625007211563, "text": "optimization problem resolution"}, {"href": "http://www.google.com/search?q=passive congregation", "size": 1.5849625007211563, "text": "passive congregation"}, {"href": "http://www.google.com/search?q=reliability value update strategy", "size": 1.5849625007211563, "text": "reliability value update strategy"}, {"href": "http://www.google.com/search?q=exhaustive image search", "size": 1.5849625007211563, "text": "exhaustive image search"}, {"href": "http://www.google.com/search?q=automated disassembly", "size": 1.5849625007211563, "text": "automated disassembly"}, {"href": "http://www.google.com/search?q=error estimation and correction", "size": 1.5849625007211563, "text": "error estimation and correction"}, {"href": "http://www.google.com/search?q=seed robot", "size": 1.5849625007211563, "text": "seed robot"}, {"href": "http://www.google.com/search?q=candidate solutions level", "size": 1.5849625007211563, "text": "candidate solutions level"}, {"href": "http://www.google.com/search?q=video interaction system", "size": 1.5849625007211563, "text": "video interaction system"}, {"href": "http://www.google.com/search?q=group particle", "size": 1.5849625007211563, "text": "group particle"}, {"href": "http://www.google.com/search?q=adaptive diversity", "size": 1.5849625007211563, "text": "adaptive diversity"}, {"href": "http://www.google.com/search?q=local exploitation ability", "size": 1.5849625007211563, "text": "local exploitation ability"}, {"href": "http://www.google.com/search?q=optimal complex network", "size": 1.5849625007211563, "text": "optimal complex network"}, {"href": "http://www.google.com/search?q=coloured noise immunity", "size": 1.5849625007211563, "text": "coloured noise immunity"}, {"href": "http://www.google.com/search?q=biological parasite", "size": 1.5849625007211563, "text": "biological parasite"}, {"href": "http://www.google.com/search?q=general bilevel programming problem", "size": 1.5849625007211563, "text": "general bilevel programming problem"}, {"href": "http://www.google.com/search?q=star graph", "size": 1.5849625007211563, "text": "star graph"}, {"href": "http://www.google.com/search?q=self organizing feature maps", "size": 1.5849625007211563, "text": "self organizing feature maps"}, {"href": "http://www.google.com/search?q=feedforward neural network classifier", "size": 1.5849625007211563, "text": "feedforward neural network classifier"}, {"href": "http://www.google.com/search?q=power system industry", "size": 1.5849625007211563, "text": "power system industry"}, {"href": "http://www.google.com/search?q=random evaluation", "size": 1.5849625007211563, "text": "random evaluation"}, {"href": "http://www.google.com/search?q=reconfigurable manufacturing systems", "size": 1.5849625007211563, "text": "reconfigurable manufacturing systems"}, {"href": "http://www.google.com/search?q=good candidate solution", "size": 1.5849625007211563, "text": "good candidate solution"}, {"href": "http://www.google.com/search?q=market simulator", "size": 1.5849625007211563, "text": "market simulator"}, {"href": "http://www.google.com/search?q=idc structure", "size": 1.5849625007211563, "text": "idc structure"}, {"href": "http://www.google.com/search?q=adaptive inertia weight particle", "size": 1.5849625007211563, "text": "adaptive inertia weight particle"}, {"href": "http://www.google.com/search?q=evolutionary programming", "size": 1.5849625007211563, "text": "evolutionary programming"}, {"href": "http://www.google.com/search?q=text messaging", "size": 1.5849625007211563, "text": "text messaging"}, {"href": "http://www.google.com/search?q=candidate solution", "size": 1.5849625007211563, "text": "candidate solution"}, {"href": "http://www.google.com/search?q=random number inertia weight", "size": 1.5849625007211563, "text": "random number inertia weight"}, {"href": "http://www.google.com/search?q=differential games theory", "size": 1.5849625007211563, "text": "differential games theory"}, {"href": "http://www.google.com/search?q=magnetotellurics", "size": 1.5849625007211563, "text": "magnetotellurics"}, {"href": "http://www.google.com/search?q=network security model", "size": 1.5849625007211563, "text": "network security model"}, {"href": "http://www.google.com/search?q=complex multimodal likelihood function", "size": 1.5849625007211563, "text": "complex multimodal likelihood function"}, {"href": "http://www.google.com/search?q=final position", "size": 1.5849625007211563, "text": "final position"}, {"href": "http://www.google.com/search?q=penalty function technique", "size": 1.5849625007211563, "text": "penalty function technique"}, {"href": "http://www.google.com/search?q=artificial life techniques", "size": 1.5849625007211563, "text": "artificial life techniques"}, {"href": "http://www.google.com/search?q=swarming body", "size": 1.5849625007211563, "text": "swarming body"}, {"href": "http://www.google.com/search?q=scatter search act", "size": 1.5849625007211563, "text": "scatter search act"}, {"href": "http://www.google.com/search?q=motion swarm", "size": 1.5849625007211563, "text": "motion swarm"}, {"href": "http://www.google.com/search?q=sensor move", "size": 1.5849625007211563, "text": "sensor move"}, {"href": "http://www.google.com/search?q=strategy parameters", "size": 1.5849625007211563, "text": "strategy parameters"}, {"href": "http://www.google.com/search?q=index terms\u2014coordinated aggregation ca", "size": 1.5849625007211563, "text": "index terms\u2014coordinated aggregation ca"}, {"href": "http://www.google.com/search?q=quantum cloud", "size": 1.5849625007211563, "text": "quantum cloud"}, {"href": "http://www.google.com/search?q=last defensive mechanism", "size": 1.5849625007211563, "text": "last defensive mechanism"}, {"href": "http://www.google.com/search?q=bilevel programming problem", "size": 1.5849625007211563, "text": "bilevel programming problem"}, {"href": "http://www.google.com/search?q=3d graphics simulation", "size": 1.5849625007211563, "text": "3d graphics simulation"}]